{
"type": "FeatureCollection",
"name": "caraga_center",
"crs": { "type": "name", "properties": { "name": "urn:ogc:def:crs:OGC:1.3:CRS84" } },
"features": [
{ "type": "Feature", "properties": { "_uid0_": 1, "id": 36966, "adm3_psgc": 1600306000.0, "adm4_psgc": 1600306014.0, "barangay": "MAGSAYSAY" }, "geometry": { "type": "Point", "coordinates": [ 126.011110863495134, 8.626509113373634 ] } },
{ "type": "Feature", "properties": { "_uid0_": 2, "id": 37143, "adm3_psgc": 1606701000.0, "adm4_psgc": 1606701008.0, "barangay": "FERLDA" }, "geometry": { "type": "Point", "coordinates": [ 125.658188324334887, 9.448585670885773 ] } },
{ "type": "Feature", "properties": { "_uid0_": 3, "id": 36983, "adm3_psgc": 1600306000.0, "adm4_psgc": 1600306033.0, "barangay": "LA PERIAN" }, "geometry": { "type": "Point", "coordinates": [ 125.831586780656565, 8.650679075921484 ] } },
{ "type": "Feature", "properties": { "_uid0_": 4, "id": 37380, "adm3_psgc": 1606723000.0, "adm4_psgc": 1606723001.0, "barangay": "DEL PILAR" }, "geometry": { "type": "Point", "coordinates": [ 125.972308108027818, 9.638318285345767 ] } },
{ "type": "Feature", "properties": { "_uid0_": 5, "id": 37582, "adm3_psgc": 1606808000.0, "adm4_psgc": 1606808010.0, "barangay": "TIGAO" }, "geometry": { "type": "Point", "coordinates": [ 126.149550508990089, 9.214286674080482 ] } },
{ "type": "Feature", "properties": { "_uid0_": 6, "id": 37601, "adm3_psgc": 1606809000.0, "adm4_psgc": 1606809037.0, "barangay": "TALISAY" }, "geometry": { "type": "Point", "coordinates": [ 126.323629883468811, 8.454317917057999 ] } },
{ "type": "Feature", "properties": { "_uid0_": 7, "id": 37602, "adm3_psgc": 1606809000.0, "adm4_psgc": 1606809038.0, "barangay": "TARUSAN" }, "geometry": { "type": "Point", "coordinates": [ 126.297777954846737, 8.342802611634069 ] } },
{ "type": "Feature", "properties": { "_uid0_": 8, "id": 37615, "adm3_psgc": 1606810000.0, "adm4_psgc": 1606810011.0, "barangay": "NURCIA" }, "geometry": { "type": "Point", "coordinates": [ 126.141050386861423, 9.261066112362917 ] } },
{ "type": "Feature", "properties": { "_uid0_": 9, "id": 37217, "adm3_psgc": 1606708000.0, "adm4_psgc": 1606708014.0, "barangay": "LOBOGON" }, "geometry": { "type": "Point", "coordinates": [ 126.006088076570933, 9.829466334643069 ] } },
{ "type": "Feature", "properties": { "_uid0_": 10, "id": 37536, "adm3_psgc": 1606805000.0, "adm4_psgc": 1606805004.0, "barangay": "CABANGAHAN" }, "geometry": { "type": "Point", "coordinates": [ 125.895540110440407, 9.280476715183283 ] } },
{ "type": "Feature", "properties": { "_uid0_": 11, "id": 37144, "adm3_psgc": 1606701000.0, "adm4_psgc": 1606701009.0, "barangay": "JULIO OUANO" }, "geometry": { "type": "Point", "coordinates": [ 125.581239381131553, 9.467073469360738 ] } },
{ "type": "Feature", "properties": { "_uid0_": 12, "id": 37956, "adm3_psgc": 1630400000.0, "adm4_psgc": 1630400094.0, "barangay": "DULAG" }, "geometry": { "type": "Point", "coordinates": [ 125.542509219449471, 8.828310698068922 ] } },
{ "type": "Feature", "properties": { "_uid0_": 13, "id": 37477, "adm3_psgc": 1606801000.0, "adm4_psgc": 1606801008.0, "barangay": "DUGHAN" }, "geometry": { "type": "Point", "coordinates": [ 126.126916961376352, 8.512922319204447 ] } },
{ "type": "Feature", "properties": { "_uid0_": 14, "id": 37000, "adm3_psgc": 1600308000.0, "adm4_psgc": 1600308005.0, "barangay": "CAIMPUGAN" }, "geometry": { "type": "Point", "coordinates": [ 125.90500103463576, 8.382391569234048 ] } },
{ "type": "Feature", "properties": { "_uid0_": 15, "id": 37131, "adm3_psgc": 1600314000.0, "adm4_psgc": 1600314020.0, "barangay": "SINAI" }, "geometry": { "type": "Point", "coordinates": [ 125.664214332875346, 8.794307068426004 ] } },
{ "type": "Feature", "properties": { "_uid0_": 16, "id": 36978, "adm3_psgc": 1600306000.0, "adm4_psgc": 1600306027.0, "barangay": "SAN RAFAEL" }, "geometry": { "type": "Point", "coordinates": [ 125.841299563259142, 8.522116175908316 ] } },
{ "type": "Feature", "properties": { "_uid0_": 17, "id": 37041, "adm3_psgc": 1600309000.0, "adm4_psgc": 1600309018.0, "barangay": "MURITULA" }, "geometry": { "type": "Point", "coordinates": [ 125.761183662279223, 8.528690526652158 ] } },
{ "type": "Feature", "properties": { "_uid0_": 18, "id": 37133, "adm3_psgc": 1600314000.0, "adm4_psgc": 1600314022.0, "barangay": "TAG-UYANGO" }, "geometry": { "type": "Point", "coordinates": [ 125.707883545407341, 8.81934365915386 ] } },
{ "type": "Feature", "properties": { "_uid0_": 19, "id": 36891, "adm3_psgc": 1600303000.0, "adm4_psgc": 1600303018.0, "barangay": "ORO" }, "geometry": { "type": "Point", "coordinates": [ 125.674882540871778, 8.579246199078089 ] } },
{ "type": "Feature", "properties": { "_uid0_": 20, "id": 36833, "adm3_psgc": 1600301000.0, "adm4_psgc": 1600301016.0, "barangay": "POBLACION" }, "geometry": { "type": "Point", "coordinates": [ 125.749432667240328, 8.717418284472783 ] } },
{ "type": "Feature", "properties": { "_uid0_": 21, "id": 36892, "adm3_psgc": 1600303000.0, "adm4_psgc": 1600303019.0, "barangay": "POBLACION" }, "geometry": { "type": "Point", "coordinates": [ 125.652045678280089, 8.67795877134388 ] } },
{ "type": "Feature", "properties": { "_uid0_": 22, "id": 37310, "adm3_psgc": 1606717000.0, "adm4_psgc": 1606717004.0, "barangay": "BAD-AS" }, "geometry": { "type": "Point", "coordinates": [ 125.578538201434071, 9.631763407623932 ] } },
{ "type": "Feature", "properties": { "_uid0_": 23, "id": 36716, "adm3_psgc": 1600204000.0, "adm4_psgc": 1600204011.0, "barangay": "SAN AGUSTIN" }, "geometry": { "type": "Point", "coordinates": [ 125.222120199177027, 9.050076681283377 ] } },
{ "type": "Feature", "properties": { "_uid0_": 24, "id": 36822, "adm3_psgc": 1600301000.0, "adm4_psgc": 1600301001.0, "barangay": "CALAITAN" }, "geometry": { "type": "Point", "coordinates": [ 125.78100922553881, 8.774085094806372 ] } },
{ "type": "Feature", "properties": { "_uid0_": 25, "id": 36824, "adm3_psgc": 1600301000.0, "adm4_psgc": 1600301003.0, "barangay": "FILI" }, "geometry": { "type": "Point", "coordinates": [ 125.776429131732002, 8.714190544814697 ] } },
{ "type": "Feature", "properties": { "_uid0_": 26, "id": 36826, "adm3_psgc": 1600301000.0, "adm4_psgc": 1600301006.0, "barangay": "KATIPUNAN" }, "geometry": { "type": "Point", "coordinates": [ 125.802361534494722, 8.631637607798822 ] } },
{ "type": "Feature", "properties": { "_uid0_": 27, "id": 36827, "adm3_psgc": 1600301000.0, "adm4_psgc": 1600301007.0, "barangay": "MABUHAY" }, "geometry": { "type": "Point", "coordinates": [ 125.709459403142731, 8.776891509134686 ] } },
{ "type": "Feature", "properties": { "_uid0_": 28, "id": 36811, "adm3_psgc": 1600211000.0, "adm4_psgc": 1600211011.0, "barangay": "TINIGBASAN" }, "geometry": { "type": "Point", "coordinates": [ 125.520365301421705, 9.273040776453312 ] } },
{ "type": "Feature", "properties": { "_uid0_": 29, "id": 36805, "adm3_psgc": 1600211000.0, "adm4_psgc": 1600211005.0, "barangay": "LAWIGAN" }, "geometry": { "type": "Point", "coordinates": [ 125.513947773475209, 9.298782206379824 ] } },
{ "type": "Feature", "properties": { "_uid0_": 30, "id": 36810, "adm3_psgc": 1600211000.0, "adm4_psgc": 1600211010.0, "barangay": "TAGPANGAHOY" }, "geometry": { "type": "Point", "coordinates": [ 125.526289461828924, 9.241351403055184 ] } },
{ "type": "Feature", "properties": { "_uid0_": 31, "id": 36843, "adm3_psgc": 1600301000.0, "adm4_psgc": 1600301029.0, "barangay": "BUCAC" }, "geometry": { "type": "Point", "coordinates": [ 125.762761502649099, 8.690594719047308 ] } },
{ "type": "Feature", "properties": { "_uid0_": 32, "id": 36829, "adm3_psgc": 1600301000.0, "adm4_psgc": 1600301010.0, "barangay": "MAYGATASAN" }, "geometry": { "type": "Point", "coordinates": [ 125.726935247848573, 8.716254723490019 ] } },
{ "type": "Feature", "properties": { "_uid0_": 33, "id": 36830, "adm3_psgc": 1600301000.0, "adm4_psgc": 1600301011.0, "barangay": "NOLI" }, "geometry": { "type": "Point", "coordinates": [ 125.728553924822648, 8.737955968700184 ] } },
{ "type": "Feature", "properties": { "_uid0_": 34, "id": 36831, "adm3_psgc": 1600301000.0, "adm4_psgc": 1600301013.0, "barangay": "OSMEÑA" }, "geometry": { "type": "Point", "coordinates": [ 125.819052834564317, 8.694860520436199 ] } },
{ "type": "Feature", "properties": { "_uid0_": 35, "id": 36832, "adm3_psgc": 1600301000.0, "adm4_psgc": 1600301014.0, "barangay": "PANAYTAY" }, "geometry": { "type": "Point", "coordinates": [ 125.816930802809949, 8.668495587293453 ] } },
{ "type": "Feature", "properties": { "_uid0_": 36, "id": 36848, "adm3_psgc": 1600301000.0, "adm4_psgc": 1600301034.0, "barangay": "GETSEMANE" }, "geometry": { "type": "Point", "coordinates": [ 125.846066934892733, 8.751535975664739 ] } },
{ "type": "Feature", "properties": { "_uid0_": 37, "id": 36849, "adm3_psgc": 1600301000.0, "adm4_psgc": 1600301035.0, "barangay": "GRACE ESTATE" }, "geometry": { "type": "Point", "coordinates": [ 125.834824449281484, 8.73220847384076 ] } },
{ "type": "Feature", "properties": { "_uid0_": 38, "id": 36838, "adm3_psgc": 1600301000.0, "adm4_psgc": 1600301023.0, "barangay": "SANTA IRENE" }, "geometry": { "type": "Point", "coordinates": [ 125.759110805201772, 8.741983754538998 ] } },
{ "type": "Feature", "properties": { "_uid0_": 39, "id": 36839, "adm3_psgc": 1600301000.0, "adm4_psgc": 1600301024.0, "barangay": "TAGLATAWAN" }, "geometry": { "type": "Point", "coordinates": [ 125.768348710393198, 8.728617354159208 ] } },
{ "type": "Feature", "properties": { "_uid0_": 40, "id": 36841, "adm3_psgc": 1600301000.0, "adm4_psgc": 1600301027.0, "barangay": "WAWA" }, "geometry": { "type": "Point", "coordinates": [ 125.716162417384737, 8.800700063971556 ] } },
{ "type": "Feature", "properties": { "_uid0_": 41, "id": 36850, "adm3_psgc": 1600301000.0, "adm4_psgc": 1600301036.0, "barangay": "MAGKIANGKANG" }, "geometry": { "type": "Point", "coordinates": [ 125.831110397216648, 8.718882845105025 ] } },
{ "type": "Feature", "properties": { "_uid0_": 42, "id": 36844, "adm3_psgc": 1600301000.0, "adm4_psgc": 1600301030.0, "barangay": "CAGBAS" }, "geometry": { "type": "Point", "coordinates": [ 125.72642319920007, 8.699003653407559 ] } },
{ "type": "Feature", "properties": { "_uid0_": 43, "id": 36845, "adm3_psgc": 1600301000.0, "adm4_psgc": 1600301031.0, "barangay": "CANAYUGAN" }, "geometry": { "type": "Point", "coordinates": [ 125.714426343714109, 8.755777469248367 ] } },
{ "type": "Feature", "properties": { "_uid0_": 44, "id": 36846, "adm3_psgc": 1600301000.0, "adm4_psgc": 1600301032.0, "barangay": "CLARO CORTEZ" }, "geometry": { "type": "Point", "coordinates": [ 125.749170152312914, 8.76758400398405 ] } },
{ "type": "Feature", "properties": { "_uid0_": 45, "id": 36858, "adm3_psgc": 1600301000.0, "adm4_psgc": 1600301044.0, "barangay": "SAN AGUSTIN" }, "geometry": { "type": "Point", "coordinates": [ 125.683711711035173, 8.750110173435631 ] } },
{ "type": "Feature", "properties": { "_uid0_": 46, "id": 36862, "adm3_psgc": 1600301000.0, "adm4_psgc": 1600301048.0, "barangay": "TAGLIBAS" }, "geometry": { "type": "Point", "coordinates": [ 125.692066220930869, 8.768840880534515 ] } },
{ "type": "Feature", "properties": { "_uid0_": 47, "id": 36863, "adm3_psgc": 1600301000.0, "adm4_psgc": 1600301049.0, "barangay": "TAGUBAY" }, "geometry": { "type": "Point", "coordinates": [ 125.729936050199498, 8.78474397004325 ] } },
{ "type": "Feature", "properties": { "_uid0_": 48, "id": 36864, "adm3_psgc": 1600301000.0, "adm4_psgc": 1600301050.0, "barangay": "VILLA UNDAYON" }, "geometry": { "type": "Point", "coordinates": [ 125.891860646335687, 8.783841098836364 ] } },
{ "type": "Feature", "properties": { "_uid0_": 49, "id": 36896, "adm3_psgc": 1600303000.0, "adm4_psgc": 1600303023.0, "barangay": "SANTA FE" }, "geometry": { "type": "Point", "coordinates": [ 125.690977832237536, 8.626792729795074 ] } },
{ "type": "Feature", "properties": { "_uid0_": 50, "id": 36865, "adm3_psgc": 1600302000.0, "adm4_psgc": 1600302001.0, "barangay": "BUNAWAN BROOK" }, "geometry": { "type": "Point", "coordinates": [ 126.07277669003885, 8.183504804506097 ] } },
{ "type": "Feature", "properties": { "_uid0_": 51, "id": 36866, "adm3_psgc": 1600302000.0, "adm4_psgc": 1600302002.0, "barangay": "CONSUELO" }, "geometry": { "type": "Point", "coordinates": [ 126.035031511254488, 8.253455597974568 ] } },
{ "type": "Feature", "properties": { "_uid0_": 52, "id": 37012, "adm3_psgc": 1600308000.0, "adm4_psgc": 1600308018.0, "barangay": "BARANGAY 4" }, "geometry": { "type": "Point", "coordinates": [ 125.985585719109821, 8.507424994441289 ] } },
{ "type": "Feature", "properties": { "_uid0_": 53, "id": 36867, "adm3_psgc": 1600302000.0, "adm4_psgc": 1600302003.0, "barangay": "LIBERTAD" }, "geometry": { "type": "Point", "coordinates": [ 126.013848372542469, 8.11700720193863 ] } },
{ "type": "Feature", "properties": { "_uid0_": 54, "id": 36868, "adm3_psgc": 1600302000.0, "adm4_psgc": 1600302004.0, "barangay": "MAMBALILI" }, "geometry": { "type": "Point", "coordinates": [ 125.964571951439794, 8.205544730640227 ] } },
{ "type": "Feature", "properties": { "_uid0_": 55, "id": 36869, "adm3_psgc": 1600302000.0, "adm4_psgc": 1600302005.0, "barangay": "POBLACION" }, "geometry": { "type": "Point", "coordinates": [ 125.982400969996206, 8.151543726111782 ] } },
{ "type": "Feature", "properties": { "_uid0_": 56, "id": 36873, "adm3_psgc": 1600302000.0, "adm4_psgc": 1600302009.0, "barangay": "NUEVA ERA" }, "geometry": { "type": "Point", "coordinates": [ 125.939229522145084, 8.14899179762115 ] } },
{ "type": "Feature", "properties": { "_uid0_": 57, "id": 36870, "adm3_psgc": 1600302000.0, "adm4_psgc": 1600302006.0, "barangay": "SAN ANDRES" }, "geometry": { "type": "Point", "coordinates": [ 126.067428768026048, 8.227780557579209 ] } },
{ "type": "Feature", "properties": { "_uid0_": 58, "id": 36871, "adm3_psgc": 1600302000.0, "adm4_psgc": 1600302007.0, "barangay": "SAN MARCOS" }, "geometry": { "type": "Point", "coordinates": [ 125.925979799766921, 8.226865772491962 ] } },
{ "type": "Feature", "properties": { "_uid0_": 59, "id": 36872, "adm3_psgc": 1600302000.0, "adm4_psgc": 1600302008.0, "barangay": "IMELDA" }, "geometry": { "type": "Point", "coordinates": [ 126.095910019633791, 8.149037130950292 ] } },
{ "type": "Feature", "properties": { "_uid0_": 60, "id": 36876, "adm3_psgc": 1600303000.0, "adm4_psgc": 1600303002.0, "barangay": "BAKINGKING" }, "geometry": { "type": "Point", "coordinates": [ 125.538821436206831, 8.666976433605413 ] } },
{ "type": "Feature", "properties": { "_uid0_": 61, "id": 36884, "adm3_psgc": 1600303000.0, "adm4_psgc": 1600303011.0, "barangay": "GUADALUPE" }, "geometry": { "type": "Point", "coordinates": [ 125.713680456610192, 8.584840192737742 ] } },
{ "type": "Feature", "properties": { "_uid0_": 62, "id": 36890, "adm3_psgc": 1600303000.0, "adm4_psgc": 1600303017.0, "barangay": "NATO" }, "geometry": { "type": "Point", "coordinates": [ 125.635577065953697, 8.609513605477828 ] } },
{ "type": "Feature", "properties": { "_uid0_": 63, "id": 36878, "adm3_psgc": 1600303000.0, "adm4_psgc": 1600303004.0, "barangay": "BUNAGUIT" }, "geometry": { "type": "Point", "coordinates": [ 125.478675596658533, 8.606986619403559 ] } },
{ "type": "Feature", "properties": { "_uid0_": 64, "id": 36995, "adm3_psgc": 1600307000.0, "adm4_psgc": 1600307010.0, "barangay": "LIBUAC" }, "geometry": { "type": "Point", "coordinates": [ 126.015175703128349, 8.392481220528342 ] } },
{ "type": "Feature", "properties": { "_uid0_": 65, "id": 36885, "adm3_psgc": 1600303000.0, "adm4_psgc": 1600303012.0, "barangay": "HAWILIAN" }, "geometry": { "type": "Point", "coordinates": [ 125.624163658458599, 8.652330164100148 ] } },
{ "type": "Feature", "properties": { "_uid0_": 66, "id": 36888, "adm3_psgc": 1600303000.0, "adm4_psgc": 1600303015.0, "barangay": "MAHAGCOT" }, "geometry": { "type": "Point", "coordinates": [ 125.693073525329751, 8.686883180127934 ] } },
{ "type": "Feature", "properties": { "_uid0_": 67, "id": 36898, "adm3_psgc": 1600303000.0, "adm4_psgc": 1600303026.0, "barangay": "TAGABASE" }, "geometry": { "type": "Point", "coordinates": [ 125.569273535098475, 8.676491699789905 ] } },
{ "type": "Feature", "properties": { "_uid0_": 68, "id": 37753, "adm3_psgc": 1606818000.0, "adm4_psgc": 1606818019.0, "barangay": "SUMO-SUMO" }, "geometry": { "type": "Point", "coordinates": [ 126.226782139904259, 8.966056304860476 ] } },
{ "type": "Feature", "properties": { "_uid0_": 69, "id": 36894, "adm3_psgc": 1600303000.0, "adm4_psgc": 1600303021.0, "barangay": "SALUG" }, "geometry": { "type": "Point", "coordinates": [ 125.422305454517158, 8.580960663814048 ] } },
{ "type": "Feature", "properties": { "_uid0_": 70, "id": 36903, "adm3_psgc": 1600303000.0, "adm4_psgc": 1600303031.0, "barangay": "AGSABU" }, "geometry": { "type": "Point", "coordinates": [ 125.410280214183913, 8.654901821602888 ] } },
{ "type": "Feature", "properties": { "_uid0_": 71, "id": 36916, "adm3_psgc": 1600303000.0, "adm4_psgc": 1600303044.0, "barangay": "PIGLAWIGAN" }, "geometry": { "type": "Point", "coordinates": [ 125.663101709073189, 8.655221880850545 ] } },
{ "type": "Feature", "properties": { "_uid0_": 72, "id": 36900, "adm3_psgc": 1600303000.0, "adm4_psgc": 1600303028.0, "barangay": "TAGBALILI" }, "geometry": { "type": "Point", "coordinates": [ 125.405442713137944, 8.534983314120137 ] } },
{ "type": "Feature", "properties": { "_uid0_": 73, "id": 36907, "adm3_psgc": 1600303000.0, "adm4_psgc": 1600303035.0, "barangay": "CROSSING LUNA" }, "geometry": { "type": "Point", "coordinates": [ 125.699578709750327, 8.66935664391031 ] } },
{ "type": "Feature", "properties": { "_uid0_": 74, "id": 36902, "adm3_psgc": 1600303000.0, "adm4_psgc": 1600303030.0, "barangay": "TANDANG SORA" }, "geometry": { "type": "Point", "coordinates": [ 125.63868823951276, 8.542594057333545 ] } },
{ "type": "Feature", "properties": { "_uid0_": 75, "id": 37015, "adm3_psgc": 1600308000.0, "adm4_psgc": 1600308021.0, "barangay": "SAN ISIDRO" }, "geometry": { "type": "Point", "coordinates": [ 125.979626486305918, 8.479142107340081 ] } },
{ "type": "Feature", "properties": { "_uid0_": 76, "id": 36910, "adm3_psgc": 1600303000.0, "adm4_psgc": 1600303038.0, "barangay": "KALABUAN" }, "geometry": { "type": "Point", "coordinates": [ 125.38400234232428, 8.617035169558102 ] } },
{ "type": "Feature", "properties": { "_uid0_": 77, "id": 36911, "adm3_psgc": 1600303000.0, "adm4_psgc": 1600303039.0, "barangay": "KINAMAYBAY" }, "geometry": { "type": "Point", "coordinates": [ 125.315114269520919, 8.696816888880036 ] } },
{ "type": "Feature", "properties": { "_uid0_": 78, "id": 36912, "adm3_psgc": 1600303000.0, "adm4_psgc": 1600303040.0, "barangay": "LANGAG" }, "geometry": { "type": "Point", "coordinates": [ 125.62567574235382, 8.689638816651124 ] } },
{ "type": "Feature", "properties": { "_uid0_": 79, "id": 36913, "adm3_psgc": 1600303000.0, "adm4_psgc": 1600303041.0, "barangay": "MALIWANAG" }, "geometry": { "type": "Point", "coordinates": [ 125.521308430632743, 8.539834140376751 ] } },
{ "type": "Feature", "properties": { "_uid0_": 80, "id": 36914, "adm3_psgc": 1600303000.0, "adm4_psgc": 1600303042.0, "barangay": "NEW GINGOOG" }, "geometry": { "type": "Point", "coordinates": [ 125.595376214359248, 8.68711031690408 ] } },
{ "type": "Feature", "properties": { "_uid0_": 81, "id": 36915, "adm3_psgc": 1600303000.0, "adm4_psgc": 1600303043.0, "barangay": "ODIONG" }, "geometry": { "type": "Point", "coordinates": [ 125.754544628457296, 8.613540765509278 ] } },
{ "type": "Feature", "properties": { "_uid0_": 82, "id": 36919, "adm3_psgc": 1600303000.0, "adm4_psgc": 1600303047.0, "barangay": "SAN VICENTE" }, "geometry": { "type": "Point", "coordinates": [ 125.33295800177379, 8.51081557417139 ] } },
{ "type": "Feature", "properties": { "_uid0_": 83, "id": 36935, "adm3_psgc": 1600304000.0, "adm4_psgc": 1600304014.0, "barangay": "SAN PATRICIO" }, "geometry": { "type": "Point", "coordinates": [ 125.751770708032325, 8.271025244142617 ] } },
{ "type": "Feature", "properties": { "_uid0_": 84, "id": 36939, "adm3_psgc": 1600305000.0, "adm4_psgc": 1600305003.0, "barangay": "MAGAUD" }, "geometry": { "type": "Point", "coordinates": [ 125.823049227641846, 8.216876983128495 ] } },
{ "type": "Feature", "properties": { "_uid0_": 85, "id": 36920, "adm3_psgc": 1600303000.0, "adm4_psgc": 1600303048.0, "barangay": "SINAKUNGAN" }, "geometry": { "type": "Point", "coordinates": [ 125.355177871131531, 8.567535149733141 ] } },
{ "type": "Feature", "properties": { "_uid0_": 86, "id": 36922, "adm3_psgc": 1600304000.0, "adm4_psgc": 1600304001.0, "barangay": "BATAAN" }, "geometry": { "type": "Point", "coordinates": [ 125.733408158659458, 8.230840917257678 ] } },
{ "type": "Feature", "properties": { "_uid0_": 87, "id": 36923, "adm3_psgc": 1600304000.0, "adm4_psgc": 1600304002.0, "barangay": "COMOTA" }, "geometry": { "type": "Point", "coordinates": [ 125.73237876445981, 8.313496614329322 ] } },
{ "type": "Feature", "properties": { "_uid0_": 88, "id": 36940, "adm3_psgc": 1600305000.0, "adm4_psgc": 1600305004.0, "barangay": "NUEVA GRACIA" }, "geometry": { "type": "Point", "coordinates": [ 125.879768809162428, 8.131053126011238 ] } },
{ "type": "Feature", "properties": { "_uid0_": 89, "id": 37468, "adm3_psgc": 1606727000.0, "adm4_psgc": 1606727007.0, "barangay": "SAN ISIDRO" }, "geometry": { "type": "Point", "coordinates": [ 125.548709856596076, 9.589837462875474 ] } },
{ "type": "Feature", "properties": { "_uid0_": 90, "id": 36925, "adm3_psgc": 1600304000.0, "adm4_psgc": 1600304004.0, "barangay": "LANGASIAN" }, "geometry": { "type": "Point", "coordinates": [ 125.719882802447799, 8.253600501818541 ] } },
{ "type": "Feature", "properties": { "_uid0_": 91, "id": 36927, "adm3_psgc": 1600304000.0, "adm4_psgc": 1600304006.0, "barangay": "POBLACION" }, "geometry": { "type": "Point", "coordinates": [ 125.807932996073319, 8.279799805143446 ] } },
{ "type": "Feature", "properties": { "_uid0_": 92, "id": 36930, "adm3_psgc": 1600304000.0, "adm4_psgc": 1600304009.0, "barangay": "ANGELES" }, "geometry": { "type": "Point", "coordinates": [ 125.523544991540518, 8.253222535446097 ] } },
{ "type": "Feature", "properties": { "_uid0_": 93, "id": 36936, "adm3_psgc": 1600304000.0, "adm4_psgc": 1600304015.0, "barangay": "VALENTINA" }, "geometry": { "type": "Point", "coordinates": [ 125.731963500794109, 8.198052614395628 ] } },
{ "type": "Feature", "properties": { "_uid0_": 94, "id": 36931, "adm3_psgc": 1600304000.0, "adm4_psgc": 1600304010.0, "barangay": "KASAPA II" }, "geometry": { "type": "Point", "coordinates": [ 125.553478785329673, 8.191386787633707 ] } },
{ "type": "Feature", "properties": { "_uid0_": 95, "id": 36932, "adm3_psgc": 1600304000.0, "adm4_psgc": 1600304011.0, "barangay": "LYDIA" }, "geometry": { "type": "Point", "coordinates": [ 125.561286409210012, 8.315471918725184 ] } },
{ "type": "Feature", "properties": { "_uid0_": 96, "id": 36950, "adm3_psgc": 1600305000.0, "adm4_psgc": 1600305014.0, "barangay": "KATIPUNAN" }, "geometry": { "type": "Point", "coordinates": [ 125.888162507692442, 8.215925562085488 ] } },
{ "type": "Feature", "properties": { "_uid0_": 97, "id": 36952, "adm3_psgc": 1600305000.0, "adm4_psgc": 1600305016.0, "barangay": "SANTO NIÑO" }, "geometry": { "type": "Point", "coordinates": [ 125.773797074457235, 8.023539847415792 ] } },
{ "type": "Feature", "properties": { "_uid0_": 98, "id": 36953, "adm3_psgc": 1600305000.0, "adm4_psgc": 1600305017.0, "barangay": "SABUD" }, "geometry": { "type": "Point", "coordinates": [ 125.532922375297971, 8.022409367406453 ] } },
{ "type": "Feature", "properties": { "_uid0_": 99, "id": 36954, "adm3_psgc": 1600306000.0, "adm4_psgc": 1600306001.0, "barangay": "AURORA" }, "geometry": { "type": "Point", "coordinates": [ 125.833325857001654, 8.592035174108632 ] } },
{ "type": "Feature", "properties": { "_uid0_": 100, "id": 36948, "adm3_psgc": 1600305000.0, "adm4_psgc": 1600305012.0, "barangay": "WALOE" }, "geometry": { "type": "Point", "coordinates": [ 125.741162333596321, 8.165452568415922 ] } },
{ "type": "Feature", "properties": { "_uid0_": 101, "id": 36965, "adm3_psgc": 1600306000.0, "adm4_psgc": 1600306013.0, "barangay": "MABUHAY" }, "geometry": { "type": "Point", "coordinates": [ 125.970140711152482, 8.684799644830605 ] } },
{ "type": "Feature", "properties": { "_uid0_": 102, "id": 36958, "adm3_psgc": 1600306000.0, "adm4_psgc": 1600306006.0, "barangay": "LA CARIDAD" }, "geometry": { "type": "Point", "coordinates": [ 125.912482042954309, 8.543260751618051 ] } },
{ "type": "Feature", "properties": { "_uid0_": 103, "id": 36960, "adm3_psgc": 1600306000.0, "adm4_psgc": 1600306008.0, "barangay": "LA UNION" }, "geometry": { "type": "Point", "coordinates": [ 125.830992509327658, 8.570805576091214 ] } },
{ "type": "Feature", "properties": { "_uid0_": 104, "id": 36961, "adm3_psgc": 1600306000.0, "adm4_psgc": 1600306009.0, "barangay": "LAS NAVAS" }, "geometry": { "type": "Point", "coordinates": [ 125.907476149477262, 8.575282387418392 ] } },
{ "type": "Feature", "properties": { "_uid0_": 105, "id": 36962, "adm3_psgc": 1600306000.0, "adm4_psgc": 1600306010.0, "barangay": "LIBERTAD" }, "geometry": { "type": "Point", "coordinates": [ 125.977874140902259, 8.670636722918971 ] } },
{ "type": "Feature", "properties": { "_uid0_": 106, "id": 36963, "adm3_psgc": 1600306000.0, "adm4_psgc": 1600306011.0, "barangay": "LOS ARCOS" }, "geometry": { "type": "Point", "coordinates": [ 125.97999505977981, 8.630420355722977 ] } },
{ "type": "Feature", "properties": { "_uid0_": 107, "id": 36967, "adm3_psgc": 1600306000.0, "adm4_psgc": 1600306015.0, "barangay": "MAPAGA" }, "geometry": { "type": "Point", "coordinates": [ 125.879449042448357, 8.60125814558932 ] } },
{ "type": "Feature", "properties": { "_uid0_": 108, "id": 36968, "adm3_psgc": 1600306000.0, "adm4_psgc": 1600306016.0, "barangay": "NEW MAUG" }, "geometry": { "type": "Point", "coordinates": [ 125.926037358342015, 8.635738956713356 ] } },
{ "type": "Feature", "properties": { "_uid0_": 109, "id": 37006, "adm3_psgc": 1600308000.0, "adm4_psgc": 1600308011.0, "barangay": "NEW VISAYAS" }, "geometry": { "type": "Point", "coordinates": [ 125.887522684871115, 8.433179061772574 ] } },
{ "type": "Feature", "properties": { "_uid0_": 110, "id": 37244, "adm3_psgc": 1606710000.0, "adm4_psgc": 1606710020.0, "barangay": "TAWIN-TAWIN" }, "geometry": { "type": "Point", "coordinates": [ 126.140407987484309, 9.795433479124826 ] } },
{ "type": "Feature", "properties": { "_uid0_": 111, "id": 36969, "adm3_psgc": 1600306000.0, "adm4_psgc": 1600306017.0, "barangay": "NAPO" }, "geometry": { "type": "Point", "coordinates": [ 125.896660915751951, 8.54373148023965 ] } },
{ "type": "Feature", "properties": { "_uid0_": 112, "id": 36973, "adm3_psgc": 1600306000.0, "adm4_psgc": 1600306022.0, "barangay": "SAN JOAQUIN" }, "geometry": { "type": "Point", "coordinates": [ 125.844441610065587, 8.625748758870671 ] } },
{ "type": "Feature", "properties": { "_uid0_": 113, "id": 36974, "adm3_psgc": 1600306000.0, "adm4_psgc": 1600306023.0, "barangay": "SAN JOSE" }, "geometry": { "type": "Point", "coordinates": [ 125.882505568284955, 8.733360085008181 ] } },
{ "type": "Feature", "properties": { "_uid0_": 114, "id": 36976, "adm3_psgc": 1600306000.0, "adm4_psgc": 1600306025.0, "barangay": "SAN MARTIN" }, "geometry": { "type": "Point", "coordinates": [ 125.947278739133438, 8.702361392732746 ] } },
{ "type": "Feature", "properties": { "_uid0_": 115, "id": 36982, "adm3_psgc": 1600306000.0, "adm4_psgc": 1600306032.0, "barangay": "SANTA MARIA" }, "geometry": { "type": "Point", "coordinates": [ 125.887531482339043, 8.661765056276051 ] } },
{ "type": "Feature", "properties": { "_uid0_": 116, "id": 36986, "adm3_psgc": 1600307000.0, "adm4_psgc": 1600307001.0, "barangay": "BAYUGAN 3" }, "geometry": { "type": "Point", "coordinates": [ 126.032354309198539, 8.28645883730764 ] } },
{ "type": "Feature", "properties": { "_uid0_": 117, "id": 37049, "adm3_psgc": 1600310000.0, "adm4_psgc": 1600310001.0, "barangay": "ANGAS" }, "geometry": { "type": "Point", "coordinates": [ 126.030232211815374, 7.956808969126469 ] } },
{ "type": "Feature", "properties": { "_uid0_": 118, "id": 36993, "adm3_psgc": 1600307000.0, "adm4_psgc": 1600307008.0, "barangay": "TAGBAYAGAN" }, "geometry": { "type": "Point", "coordinates": [ 125.970254446685075, 8.373453197281638 ] } },
{ "type": "Feature", "properties": { "_uid0_": 119, "id": 37001, "adm3_psgc": 1600308000.0, "adm4_psgc": 1600308006.0, "barangay": "EBRO" }, "geometry": { "type": "Point", "coordinates": [ 125.928983939522297, 8.434462022688464 ] } },
{ "type": "Feature", "properties": { "_uid0_": 120, "id": 36987, "adm3_psgc": 1600307000.0, "adm4_psgc": 1600307002.0, "barangay": "CABANTAO" }, "geometry": { "type": "Point", "coordinates": [ 126.048645257009952, 8.3891042322291 ] } },
{ "type": "Feature", "properties": { "_uid0_": 121, "id": 36996, "adm3_psgc": 1600307000.0, "adm4_psgc": 1600307011.0, "barangay": "MALIGAYA" }, "geometry": { "type": "Point", "coordinates": [ 126.03685663633631, 8.425853603359188 ] } },
{ "type": "Feature", "properties": { "_uid0_": 122, "id": 36997, "adm3_psgc": 1600308000.0, "adm4_psgc": 1600308001.0, "barangay": "ALEGRIA" }, "geometry": { "type": "Point", "coordinates": [ 126.005579027975244, 8.51024504306794 ] } },
{ "type": "Feature", "properties": { "_uid0_": 123, "id": 37002, "adm3_psgc": 1600308000.0, "adm4_psgc": 1600308007.0, "barangay": "HUBANG" }, "geometry": { "type": "Point", "coordinates": [ 125.953287211673768, 8.513769902494911 ] } },
{ "type": "Feature", "properties": { "_uid0_": 124, "id": 37003, "adm3_psgc": 1600308000.0, "adm4_psgc": 1600308008.0, "barangay": "LAPINIGAN" }, "geometry": { "type": "Point", "coordinates": [ 125.976182945097435, 8.426863388590997 ] } },
{ "type": "Feature", "properties": { "_uid0_": 125, "id": 37007, "adm3_psgc": 1600308000.0, "adm4_psgc": 1600308012.0, "barangay": "PASTA" }, "geometry": { "type": "Point", "coordinates": [ 125.974942120765846, 8.405684889589416 ] } },
{ "type": "Feature", "properties": { "_uid0_": 126, "id": 37009, "adm3_psgc": 1600308000.0, "adm4_psgc": 1600308015.0, "barangay": "BARANGAY 1" }, "geometry": { "type": "Point", "coordinates": [ 125.983504356252269, 8.514306306001764 ] } },
{ "type": "Feature", "properties": { "_uid0_": 127, "id": 37010, "adm3_psgc": 1600308000.0, "adm4_psgc": 1600308016.0, "barangay": "BARANGAY 2" }, "geometry": { "type": "Point", "coordinates": [ 125.980443711187618, 8.508896708751832 ] } },
{ "type": "Feature", "properties": { "_uid0_": 128, "id": 37011, "adm3_psgc": 1600308000.0, "adm4_psgc": 1600308017.0, "barangay": "BARANGAY 3" }, "geometry": { "type": "Point", "coordinates": [ 125.971654871232303, 8.506643806956237 ] } },
{ "type": "Feature", "properties": { "_uid0_": 129, "id": 37035, "adm3_psgc": 1600309000.0, "adm4_psgc": 1600309012.0, "barangay": "DON ALEJANDRO" }, "geometry": { "type": "Point", "coordinates": [ 125.708745800946588, 8.457973510146241 ] } },
{ "type": "Feature", "properties": { "_uid0_": 130, "id": 37058, "adm3_psgc": 1600310000.0, "adm4_psgc": 1600310010.0, "barangay": "CONCEPCION" }, "geometry": { "type": "Point", "coordinates": [ 126.007709720941818, 7.982134360153696 ] } },
{ "type": "Feature", "properties": { "_uid0_": 131, "id": 37019, "adm3_psgc": 1600308000.0, "adm4_psgc": 1600308026.0, "barangay": "BUENASUERTE" }, "geometry": { "type": "Point", "coordinates": [ 125.940291911480443, 8.39312699825871 ] } },
{ "type": "Feature", "properties": { "_uid0_": 132, "id": 37030, "adm3_psgc": 1600309000.0, "adm4_psgc": 1600309007.0, "barangay": "SANTA INES" }, "geometry": { "type": "Point", "coordinates": [ 125.715381508297213, 8.527456524249871 ] } },
{ "type": "Feature", "properties": { "_uid0_": 133, "id": 37025, "adm3_psgc": 1600309000.0, "adm4_psgc": 1600309002.0, "barangay": "BAYLO" }, "geometry": { "type": "Point", "coordinates": [ 125.732236463641087, 8.449745590941717 ] } },
{ "type": "Feature", "properties": { "_uid0_": 134, "id": 37026, "adm3_psgc": 1600309000.0, "adm4_psgc": 1600309003.0, "barangay": "COALICION" }, "geometry": { "type": "Point", "coordinates": [ 125.715014583348221, 8.421290714087027 ] } },
{ "type": "Feature", "properties": { "_uid0_": 135, "id": 37031, "adm3_psgc": 1600309000.0, "adm4_psgc": 1600309008.0, "barangay": "BALIT" }, "geometry": { "type": "Point", "coordinates": [ 125.676430468825259, 8.475614827625844 ] } },
{ "type": "Feature", "properties": { "_uid0_": 136, "id": 37028, "adm3_psgc": 1600309000.0, "adm4_psgc": 1600309005.0, "barangay": "NUEVO TRABAJO" }, "geometry": { "type": "Point", "coordinates": [ 125.681501851078195, 8.502727219239006 ] } },
{ "type": "Feature", "properties": { "_uid0_": 137, "id": 37029, "adm3_psgc": 1600309000.0, "adm4_psgc": 1600309006.0, "barangay": "POBLACION" }, "geometry": { "type": "Point", "coordinates": [ 125.748626071199922, 8.474208254292018 ] } },
{ "type": "Feature", "properties": { "_uid0_": 138, "id": 37037, "adm3_psgc": 1600309000.0, "adm4_psgc": 1600309014.0, "barangay": "DOÑA FLAVIA" }, "geometry": { "type": "Point", "coordinates": [ 125.725438090324516, 8.485653794059465 ] } },
{ "type": "Feature", "properties": { "_uid0_": 139, "id": 37042, "adm3_psgc": 1600309000.0, "adm4_psgc": 1600309019.0, "barangay": "POLICARPO" }, "geometry": { "type": "Point", "coordinates": [ 125.614397408349589, 8.476941009798715 ] } },
{ "type": "Feature", "properties": { "_uid0_": 140, "id": 37032, "adm3_psgc": 1600309000.0, "adm4_psgc": 1600309009.0, "barangay": "BINICALAN" }, "geometry": { "type": "Point", "coordinates": [ 125.401831935728964, 8.377991771558483 ] } },
{ "type": "Feature", "properties": { "_uid0_": 141, "id": 37055, "adm3_psgc": 1600310000.0, "adm4_psgc": 1600310007.0, "barangay": "SAN JOSE" }, "geometry": { "type": "Point", "coordinates": [ 125.994708178465487, 8.004879675184068 ] } },
{ "type": "Feature", "properties": { "_uid0_": 142, "id": 37038, "adm3_psgc": 1600309000.0, "adm4_psgc": 1600309015.0, "barangay": "MAHAGSAY" }, "geometry": { "type": "Point", "coordinates": [ 125.41056221646987, 8.472987556607062 ] } },
{ "type": "Feature", "properties": { "_uid0_": 143, "id": 37044, "adm3_psgc": 1600309000.0, "adm4_psgc": 1600309021.0, "barangay": "SAN PEDRO" }, "geometry": { "type": "Point", "coordinates": [ 125.661480609586562, 8.439866481583504 ] } },
{ "type": "Feature", "properties": { "_uid0_": 144, "id": 37045, "adm3_psgc": 1600309000.0, "adm4_psgc": 1600309022.0, "barangay": "SANTA RITA" }, "geometry": { "type": "Point", "coordinates": [ 125.563007664666472, 8.468336772297274 ] } },
{ "type": "Feature", "properties": { "_uid0_": 145, "id": 37046, "adm3_psgc": 1600309000.0, "adm4_psgc": 1600309023.0, "barangay": "SANTIAGO" }, "geometry": { "type": "Point", "coordinates": [ 125.75138807473941, 8.559948317850051 ] } },
{ "type": "Feature", "properties": { "_uid0_": 146, "id": 37047, "adm3_psgc": 1600309000.0, "adm4_psgc": 1600309024.0, "barangay": "WEGGUAM" }, "geometry": { "type": "Point", "coordinates": [ 125.76737386008304, 8.580327359765622 ] } },
{ "type": "Feature", "properties": { "_uid0_": 147, "id": 37048, "adm3_psgc": 1600309000.0, "adm4_psgc": 1600309025.0, "barangay": "DOÑA MAXIMA" }, "geometry": { "type": "Point", "coordinates": [ 125.743888602468857, 8.501663008818495 ] } },
{ "type": "Feature", "properties": { "_uid0_": 148, "id": 37065, "adm3_psgc": 1600311000.0, "adm4_psgc": 1600311007.0, "barangay": "LABNIG" }, "geometry": { "type": "Point", "coordinates": [ 125.808714167704608, 8.45086957885751 ] } },
{ "type": "Feature", "properties": { "_uid0_": 149, "id": 37066, "adm3_psgc": 1600311000.0, "adm4_psgc": 1600311008.0, "barangay": "SABANG GIBUNG" }, "geometry": { "type": "Point", "coordinates": [ 125.870621478760668, 8.340453140273429 ] } },
{ "type": "Feature", "properties": { "_uid0_": 150, "id": 37050, "adm3_psgc": 1600310000.0, "adm4_psgc": 1600310002.0, "barangay": "AURORA" }, "geometry": { "type": "Point", "coordinates": [ 126.020319572397796, 8.032899307965746 ] } },
{ "type": "Feature", "properties": { "_uid0_": 151, "id": 37053, "adm3_psgc": 1600310000.0, "adm4_psgc": 1600310005.0, "barangay": "PATROCINIO" }, "geometry": { "type": "Point", "coordinates": [ 126.053436254207654, 7.974892633977402 ] } },
{ "type": "Feature", "properties": { "_uid0_": 152, "id": 37054, "adm3_psgc": 1600310000.0, "adm4_psgc": 1600310006.0, "barangay": "POBLACION" }, "geometry": { "type": "Point", "coordinates": [ 126.025388330551593, 7.986156284520305 ] } },
{ "type": "Feature", "properties": { "_uid0_": 153, "id": 37059, "adm3_psgc": 1600310000.0, "adm4_psgc": 1600310011.0, "barangay": "PAG-ASA" }, "geometry": { "type": "Point", "coordinates": [ 126.001527398515975, 8.074364209945747 ] } },
{ "type": "Feature", "properties": { "_uid0_": 154, "id": 37060, "adm3_psgc": 1600311000.0, "adm4_psgc": 1600311001.0, "barangay": "BUENAGRACIA" }, "geometry": { "type": "Point", "coordinates": [ 125.785588459642341, 8.41747362085354 ] } },
{ "type": "Feature", "properties": { "_uid0_": 155, "id": 37062, "adm3_psgc": 1600311000.0, "adm4_psgc": 1600311004.0, "barangay": "CULI" }, "geometry": { "type": "Point", "coordinates": [ 125.78791712443342, 8.487995611852295 ] } },
{ "type": "Feature", "properties": { "_uid0_": 156, "id": 37063, "adm3_psgc": 1600311000.0, "adm4_psgc": 1600311005.0, "barangay": "DEL MONTE" }, "geometry": { "type": "Point", "coordinates": [ 125.825711097149423, 8.499817101669469 ] } },
{ "type": "Feature", "properties": { "_uid0_": 157, "id": 37073, "adm3_psgc": 1600311000.0, "adm4_psgc": 1600311015.0, "barangay": "MAHARLIKA" }, "geometry": { "type": "Point", "coordinates": [ 125.850693600767414, 8.382138295031648 ] } },
{ "type": "Feature", "properties": { "_uid0_": 158, "id": 37537, "adm3_psgc": 1606805000.0, "adm4_psgc": 1606805005.0, "barangay": "CABAS-AN" }, "geometry": { "type": "Point", "coordinates": [ 125.919342541336434, 9.268130889834458 ] } },
{ "type": "Feature", "properties": { "_uid0_": 159, "id": 37071, "adm3_psgc": 1600311000.0, "adm4_psgc": 1600311013.0, "barangay": "ZILLOVIA" }, "geometry": { "type": "Point", "coordinates": [ 125.731806146082405, 8.399306156408541 ] } },
{ "type": "Feature", "properties": { "_uid0_": 160, "id": 37076, "adm3_psgc": 1600312000.0, "adm4_psgc": 1600312001.0, "barangay": "BASA" }, "geometry": { "type": "Point", "coordinates": [ 126.074241108501511, 8.073616564839728 ] } },
{ "type": "Feature", "properties": { "_uid0_": 161, "id": 37079, "adm3_psgc": 1600312000.0, "adm4_psgc": 1600312004.0, "barangay": "LANGKILA-AN" }, "geometry": { "type": "Point", "coordinates": [ 126.079264315202465, 7.973728221593531 ] } },
{ "type": "Feature", "properties": { "_uid0_": 162, "id": 37078, "adm3_psgc": 1600312000.0, "adm4_psgc": 1600312003.0, "barangay": "KAPATUNGAN" }, "geometry": { "type": "Point", "coordinates": [ 126.035536048106479, 8.084868281051353 ] } },
{ "type": "Feature", "properties": { "_uid0_": 163, "id": 37080, "adm3_psgc": 1600312000.0, "adm4_psgc": 1600312005.0, "barangay": "NEW VISAYAS" }, "geometry": { "type": "Point", "coordinates": [ 126.107729183567443, 7.994675179457371 ] } },
{ "type": "Feature", "properties": { "_uid0_": 164, "id": 37086, "adm3_psgc": 1600312000.0, "adm4_psgc": 1600312011.0, "barangay": "SAN ROQUE" }, "geometry": { "type": "Point", "coordinates": [ 126.184595926847237, 8.073299016629969 ] } },
{ "type": "Feature", "properties": { "_uid0_": 165, "id": 37090, "adm3_psgc": 1600312000.0, "adm4_psgc": 1600312015.0, "barangay": "MANAT" }, "geometry": { "type": "Point", "coordinates": [ 126.158010347130499, 8.138715343469094 ] } },
{ "type": "Feature", "properties": { "_uid0_": 166, "id": 37105, "adm3_psgc": 1600313000.0, "adm4_psgc": 1600313014.0, "barangay": "BACAY II" }, "geometry": { "type": "Point", "coordinates": [ 125.870670976445638, 8.080872756769915 ] } },
{ "type": "Feature", "properties": { "_uid0_": 167, "id": 37081, "adm3_psgc": 1600312000.0, "adm4_psgc": 1600312006.0, "barangay": "POBLACION" }, "geometry": { "type": "Point", "coordinates": [ 126.064895862662567, 8.043669621623254 ] } },
{ "type": "Feature", "properties": { "_uid0_": 168, "id": 37082, "adm3_psgc": 1600312000.0, "adm4_psgc": 1600312007.0, "barangay": "PULANG-LUPA" }, "geometry": { "type": "Point", "coordinates": [ 126.077639789425731, 8.0013595195385 ] } },
{ "type": "Feature", "properties": { "_uid0_": 169, "id": 37087, "adm3_psgc": 1600312000.0, "adm4_psgc": 1600312012.0, "barangay": "SANTA MARIA" }, "geometry": { "type": "Point", "coordinates": [ 126.212345917958146, 8.045290725853196 ] } },
{ "type": "Feature", "properties": { "_uid0_": 170, "id": 37089, "adm3_psgc": 1600312000.0, "adm4_psgc": 1600312014.0, "barangay": "CEBOLIN" }, "geometry": { "type": "Point", "coordinates": [ 126.128824693368912, 8.039207896424907 ] } },
{ "type": "Feature", "properties": { "_uid0_": 171, "id": 37091, "adm3_psgc": 1600312000.0, "adm4_psgc": 1600312016.0, "barangay": "PANGYAN" }, "geometry": { "type": "Point", "coordinates": [ 126.182907212821434, 7.994385966615263 ] } },
{ "type": "Feature", "properties": { "_uid0_": 172, "id": 37093, "adm3_psgc": 1600313000.0, "adm4_psgc": 1600313002.0, "barangay": "DEL MONTE" }, "geometry": { "type": "Point", "coordinates": [ 125.888186242452136, 7.984957344725052 ] } },
{ "type": "Feature", "properties": { "_uid0_": 173, "id": 37094, "adm3_psgc": 1600313000.0, "adm4_psgc": 1600313003.0, "barangay": "DON MATEO" }, "geometry": { "type": "Point", "coordinates": [ 125.894706210246838, 8.093107424003206 ] } },
{ "type": "Feature", "properties": { "_uid0_": 174, "id": 37095, "adm3_psgc": 1600313000.0, "adm4_psgc": 1600313004.0, "barangay": "LA FORTUNA" }, "geometry": { "type": "Point", "coordinates": [ 125.910224490281635, 8.023471365423688 ] } },
{ "type": "Feature", "properties": { "_uid0_": 175, "id": 37403, "adm3_psgc": 1606724000.0, "adm4_psgc": 1606724011.0, "barangay": "BONIFACIO" }, "geometry": { "type": "Point", "coordinates": [ 125.49497545270485, 9.738922329341698 ] } },
{ "type": "Feature", "properties": { "_uid0_": 176, "id": 37099, "adm3_psgc": 1600313000.0, "adm4_psgc": 1600313008.0, "barangay": "POBLACION" }, "geometry": { "type": "Point", "coordinates": [ 125.963827191496208, 8.077899448065564 ] } },
{ "type": "Feature", "properties": { "_uid0_": 177, "id": 37100, "adm3_psgc": 1600313000.0, "adm4_psgc": 1600313009.0, "barangay": "SAMPAGUITA" }, "geometry": { "type": "Point", "coordinates": [ 125.947367641172775, 8.020079131629659 ] } },
{ "type": "Feature", "properties": { "_uid0_": 178, "id": 37119, "adm3_psgc": 1600314000.0, "adm4_psgc": 1600314008.0, "barangay": "KIOYA" }, "geometry": { "type": "Point", "coordinates": [ 125.738778607036537, 8.829038819521331 ] } },
{ "type": "Feature", "properties": { "_uid0_": 179, "id": 37137, "adm3_psgc": 1606701000.0, "adm4_psgc": 1606701002.0, "barangay": "ALIPAO" }, "geometry": { "type": "Point", "coordinates": [ 125.603698959695578, 9.503449704246805 ] } },
{ "type": "Feature", "properties": { "_uid0_": 180, "id": 37125, "adm3_psgc": 1600314000.0, "adm4_psgc": 1600314014.0, "barangay": "PEREZ" }, "geometry": { "type": "Point", "coordinates": [ 125.807516145010226, 8.980928429195162 ] } },
{ "type": "Feature", "properties": { "_uid0_": 181, "id": 37126, "adm3_psgc": 1600314000.0, "adm4_psgc": 1600314015.0, "barangay": "POBLACION" }, "geometry": { "type": "Point", "coordinates": [ 125.691272372079979, 8.824364568848766 ] } },
{ "type": "Feature", "properties": { "_uid0_": 182, "id": 37132, "adm3_psgc": 1600314000.0, "adm4_psgc": 1600314021.0, "barangay": "TABON-TABON" }, "geometry": { "type": "Point", "coordinates": [ 125.657931010153462, 8.902321558278544 ] } },
{ "type": "Feature", "properties": { "_uid0_": 183, "id": 37127, "adm3_psgc": 1600314000.0, "adm4_psgc": 1600314016.0, "barangay": "SAN ISIDRO" }, "geometry": { "type": "Point", "coordinates": [ 125.749999807729935, 8.878290818538931 ] } },
{ "type": "Feature", "properties": { "_uid0_": 184, "id": 37128, "adm3_psgc": 1600314000.0, "adm4_psgc": 1600314017.0, "barangay": "SAN VICENTE" }, "geometry": { "type": "Point", "coordinates": [ 125.698846523155893, 8.806552660462387 ] } },
{ "type": "Feature", "properties": { "_uid0_": 185, "id": 37136, "adm3_psgc": 1606701000.0, "adm4_psgc": 1606701001.0, "barangay": "POBLACION" }, "geometry": { "type": "Point", "coordinates": [ 125.565508376170683, 9.468976692729338 ] } },
{ "type": "Feature", "properties": { "_uid0_": 186, "id": 37139, "adm3_psgc": 1606701000.0, "adm4_psgc": 1606701004.0, "barangay": "CAMP EDUARD" }, "geometry": { "type": "Point", "coordinates": [ 125.621381643035292, 9.459579569824792 ] } },
{ "type": "Feature", "properties": { "_uid0_": 187, "id": 37140, "adm3_psgc": 1606701000.0, "adm4_psgc": 1606701005.0, "barangay": "OMBONG" }, "geometry": { "type": "Point", "coordinates": [ 125.595962043330005, 9.459799117584645 ] } },
{ "type": "Feature", "properties": { "_uid0_": 188, "id": 37134, "adm3_psgc": 1600314000.0, "adm4_psgc": 1600314023.0, "barangay": "VILLANGIT" }, "geometry": { "type": "Point", "coordinates": [ 125.737368716670503, 8.853503472588773 ] } },
{ "type": "Feature", "properties": { "_uid0_": 189, "id": 37135, "adm3_psgc": 1600314000.0, "adm4_psgc": 1600314024.0, "barangay": "KOLAMBUGAN" }, "geometry": { "type": "Point", "coordinates": [ 125.747528182016055, 9.066804115718519 ] } },
{ "type": "Feature", "properties": { "_uid0_": 190, "id": 37145, "adm3_psgc": 1606701000.0, "adm4_psgc": 1606701010.0, "barangay": "SAN JUAN" }, "geometry": { "type": "Point", "coordinates": [ 125.595737991681588, 9.513458922480732 ] } },
{ "type": "Feature", "properties": { "_uid0_": 191, "id": 37223, "adm3_psgc": 1606708000.0, "adm4_psgc": 1606708025.0, "barangay": "SAYAK" }, "geometry": { "type": "Point", "coordinates": [ 126.006033701949761, 9.84691409309837 ] } },
{ "type": "Feature", "properties": { "_uid0_": 192, "id": 37141, "adm3_psgc": 1606701000.0, "adm4_psgc": 1606701006.0, "barangay": "PONGTUD" }, "geometry": { "type": "Point", "coordinates": [ 125.581131050851596, 9.524265099431309 ] } },
{ "type": "Feature", "properties": { "_uid0_": 193, "id": 37142, "adm3_psgc": 1606701000.0, "adm4_psgc": 1606701007.0, "barangay": "SAN PEDRO" }, "geometry": { "type": "Point", "coordinates": [ 125.572905533070141, 9.486821760243695 ] } },
{ "type": "Feature", "properties": { "_uid0_": 194, "id": 37150, "adm3_psgc": 1606702000.0, "adm4_psgc": 1606702003.0, "barangay": "CAMPO" }, "geometry": { "type": "Point", "coordinates": [ 125.647311209206663, 9.587284839176853 ] } },
{ "type": "Feature", "properties": { "_uid0_": 195, "id": 37148, "adm3_psgc": 1606702000.0, "adm4_psgc": 1606702001.0, "barangay": "CABUGAO" }, "geometry": { "type": "Point", "coordinates": [ 125.662271179451622, 9.583582840438224 ] } },
{ "type": "Feature", "properties": { "_uid0_": 196, "id": 37149, "adm3_psgc": 1606702000.0, "adm4_psgc": 1606702002.0, "barangay": "CAMBUAYON" }, "geometry": { "type": "Point", "coordinates": [ 125.639629009515588, 9.560548589621163 ] } },
{ "type": "Feature", "properties": { "_uid0_": 197, "id": 37154, "adm3_psgc": 1606702000.0, "adm4_psgc": 1606702007.0, "barangay": "POBLACION" }, "geometry": { "type": "Point", "coordinates": [ 125.634905062077465, 9.609465333794112 ] } },
{ "type": "Feature", "properties": { "_uid0_": 198, "id": 37165, "adm3_psgc": 1606706000.0, "adm4_psgc": 1606706003.0, "barangay": "DAYWAN" }, "geometry": { "type": "Point", "coordinates": [ 125.710795103486177, 9.560002472956169 ] } },
{ "type": "Feature", "properties": { "_uid0_": 199, "id": 37263, "adm3_psgc": 1606714000.0, "adm4_psgc": 1606714006.0, "barangay": "MAGPAYANG" }, "geometry": { "type": "Point", "coordinates": [ 125.557411328115094, 9.53615109694142 ] } },
{ "type": "Feature", "properties": { "_uid0_": 200, "id": 37167, "adm3_psgc": 1606706000.0, "adm4_psgc": 1606706005.0, "barangay": "LADGARON" }, "geometry": { "type": "Point", "coordinates": [ 125.724607552534039, 9.566502648804784 ] } },
{ "type": "Feature", "properties": { "_uid0_": 201, "id": 37158, "adm3_psgc": 1606704000.0, "adm4_psgc": 1606704002.0, "barangay": "BITAUG" }, "geometry": { "type": "Point", "coordinates": [ 126.064619718764689, 10.030765010762664 ] } },
{ "type": "Feature", "properties": { "_uid0_": 202, "id": 37159, "adm3_psgc": 1606704000.0, "adm4_psgc": 1606704003.0, "barangay": "POBLACION 1" }, "geometry": { "type": "Point", "coordinates": [ 126.065699169588967, 10.019805118046143 ] } },
{ "type": "Feature", "properties": { "_uid0_": 203, "id": 37160, "adm3_psgc": 1606704000.0, "adm4_psgc": 1606704004.0, "barangay": "POBLACION 2" }, "geometry": { "type": "Point", "coordinates": [ 126.06668257581569, 10.01427387432183 ] } },
{ "type": "Feature", "properties": { "_uid0_": 204, "id": 37179, "adm3_psgc": 1606707000.0, "adm4_psgc": 1606707003.0, "barangay": "BARANGAY 13" }, "geometry": { "type": "Point", "coordinates": [ 126.048542438366923, 9.75820431892082 ] } },
{ "type": "Feature", "properties": { "_uid0_": 205, "id": 37264, "adm3_psgc": 1606714000.0, "adm4_psgc": 1606714007.0, "barangay": "MAGSAYSAY" }, "geometry": { "type": "Point", "coordinates": [ 125.522458295283258, 9.54436438240986 ] } },
{ "type": "Feature", "properties": { "_uid0_": 206, "id": 37197, "adm3_psgc": 1606707000.0, "adm4_psgc": 1606707021.0, "barangay": "BARANGAY 6" }, "geometry": { "type": "Point", "coordinates": [ 126.052539862593562, 9.755709186901122 ] } },
{ "type": "Feature", "properties": { "_uid0_": 207, "id": 37198, "adm3_psgc": 1606707000.0, "adm4_psgc": 1606707022.0, "barangay": "BARANGAY 7" }, "geometry": { "type": "Point", "coordinates": [ 126.051725740863517, 9.756836851274223 ] } },
{ "type": "Feature", "properties": { "_uid0_": 208, "id": 37199, "adm3_psgc": 1606707000.0, "adm4_psgc": 1606707023.0, "barangay": "BARANGAY 8" }, "geometry": { "type": "Point", "coordinates": [ 126.052319536335389, 9.762273647740031 ] } },
{ "type": "Feature", "properties": { "_uid0_": 209, "id": 37169, "adm3_psgc": 1606706000.0, "adm4_psgc": 1606706007.0, "barangay": "MAGALLANES" }, "geometry": { "type": "Point", "coordinates": [ 125.718948835774199, 9.57887888013933 ] } },
{ "type": "Feature", "properties": { "_uid0_": 210, "id": 37172, "adm3_psgc": 1606706000.0, "adm4_psgc": 1606706010.0, "barangay": "BAGAKAY" }, "geometry": { "type": "Point", "coordinates": [ 125.730498343301562, 9.575866946339323 ] } },
{ "type": "Feature", "properties": { "_uid0_": 211, "id": 37177, "adm3_psgc": 1606707000.0, "adm4_psgc": 1606707001.0, "barangay": "BAGAKAY" }, "geometry": { "type": "Point", "coordinates": [ 126.045856524041042, 9.727584383247109 ] } },
{ "type": "Feature", "properties": { "_uid0_": 212, "id": 37185, "adm3_psgc": 1606707000.0, "adm4_psgc": 1606707009.0, "barangay": "DAGOHOY" }, "geometry": { "type": "Point", "coordinates": [ 126.057880091453526, 9.710496869212289 ] } },
{ "type": "Feature", "properties": { "_uid0_": 213, "id": 37186, "adm3_psgc": 1606707000.0, "adm4_psgc": 1606707010.0, "barangay": "DON PAULINO" }, "geometry": { "type": "Point", "coordinates": [ 126.081882191737222, 9.760929403275609 ] } },
{ "type": "Feature", "properties": { "_uid0_": 214, "id": 37187, "adm3_psgc": 1606707000.0, "adm4_psgc": 1606707011.0, "barangay": "JUBANG" }, "geometry": { "type": "Point", "coordinates": [ 126.015211977010409, 9.76787167297754 ] } },
{ "type": "Feature", "properties": { "_uid0_": 215, "id": 37188, "adm3_psgc": 1606707000.0, "adm4_psgc": 1606707012.0, "barangay": "MONTSERRAT" }, "geometry": { "type": "Point", "coordinates": [ 126.043014026235184, 9.713614233017017 ] } },
{ "type": "Feature", "properties": { "_uid0_": 216, "id": 37218, "adm3_psgc": 1606708000.0, "adm4_psgc": 1606708016.0, "barangay": "MABUHAY" }, "geometry": { "type": "Point", "coordinates": [ 125.974965671000945, 9.882389870276269 ] } },
{ "type": "Feature", "properties": { "_uid0_": 217, "id": 37178, "adm3_psgc": 1606707000.0, "adm4_psgc": 1606707002.0, "barangay": "BARANGAY 1" }, "geometry": { "type": "Point", "coordinates": [ 126.057614282786346, 9.757758120242812 ] } },
{ "type": "Feature", "properties": { "_uid0_": 218, "id": 37225, "adm3_psgc": 1606708000.0, "adm4_psgc": 1606708028.0, "barangay": "HALIAN" }, "geometry": { "type": "Point", "coordinates": [ 125.809459580803718, 9.924366378802457 ] } },
{ "type": "Feature", "properties": { "_uid0_": 219, "id": 37245, "adm3_psgc": 1606711000.0, "adm4_psgc": 1606711001.0, "barangay": "ALAMBIQUE" }, "geometry": { "type": "Point", "coordinates": [ 125.692077342408481, 9.598983595564988 ] } },
{ "type": "Feature", "properties": { "_uid0_": 220, "id": 37247, "adm3_psgc": 1606711000.0, "adm4_psgc": 1606711003.0, "barangay": "CAMAM-ONAN" }, "geometry": { "type": "Point", "coordinates": [ 125.695458629321521, 9.456308399696709 ] } },
{ "type": "Feature", "properties": { "_uid0_": 221, "id": 37232, "adm3_psgc": 1606710000.0, "adm4_psgc": 1606710007.0, "barangay": "POBLACION I" }, "geometry": { "type": "Point", "coordinates": [ 126.155606133386755, 9.781071245875408 ] } },
{ "type": "Feature", "properties": { "_uid0_": 222, "id": 37234, "adm3_psgc": 1606710000.0, "adm4_psgc": 1606710009.0, "barangay": "POBLACION III" }, "geometry": { "type": "Point", "coordinates": [ 126.1605904344907, 9.785513697275547 ] } },
{ "type": "Feature", "properties": { "_uid0_": 223, "id": 37343, "adm3_psgc": 1606719000.0, "adm4_psgc": 1606719010.0, "barangay": "OSLAO" }, "geometry": { "type": "Point", "coordinates": [ 125.406732884710607, 9.747346067380587 ] } },
{ "type": "Feature", "properties": { "_uid0_": 224, "id": 37238, "adm3_psgc": 1606710000.0, "adm4_psgc": 1606710013.0, "barangay": "LIBERTAD" }, "geometry": { "type": "Point", "coordinates": [ 126.137989356811573, 9.82850123370376 ] } },
{ "type": "Feature", "properties": { "_uid0_": 225, "id": 37242, "adm3_psgc": 1606710000.0, "adm4_psgc": 1606710018.0, "barangay": "SANTA FE" }, "geometry": { "type": "Point", "coordinates": [ 126.136712584998989, 9.840302628175573 ] } },
{ "type": "Feature", "properties": { "_uid0_": 226, "id": 37248, "adm3_psgc": 1606711000.0, "adm4_psgc": 1606711004.0, "barangay": "CAM-BOAYON" }, "geometry": { "type": "Point", "coordinates": [ 125.653469178081679, 9.554692636354766 ] } },
{ "type": "Feature", "properties": { "_uid0_": 227, "id": 37252, "adm3_psgc": 1606711000.0, "adm4_psgc": 1606711008.0, "barangay": "PONIENTE" }, "geometry": { "type": "Point", "coordinates": [ 125.677848756046558, 9.574109492809951 ] } },
{ "type": "Feature", "properties": { "_uid0_": 228, "id": 37253, "adm3_psgc": 1606711000.0, "adm4_psgc": 1606711009.0, "barangay": "SAN ANTONIO" }, "geometry": { "type": "Point", "coordinates": [ 125.668885857712326, 9.555654813586202 ] } },
{ "type": "Feature", "properties": { "_uid0_": 229, "id": 37254, "adm3_psgc": 1606711000.0, "adm4_psgc": 1606711010.0, "barangay": "SAN ISIDRO" }, "geometry": { "type": "Point", "coordinates": [ 125.688603023022353, 9.56078089992481 ] } },
{ "type": "Feature", "properties": { "_uid0_": 230, "id": 37256, "adm3_psgc": 1606711000.0, "adm4_psgc": 1606711012.0, "barangay": "VILLAFLOR" }, "geometry": { "type": "Point", "coordinates": [ 125.700098931213816, 9.572395149611408 ] } },
{ "type": "Feature", "properties": { "_uid0_": 231, "id": 37257, "adm3_psgc": 1606711000.0, "adm4_psgc": 1606711013.0, "barangay": "VILLAFRANCA" }, "geometry": { "type": "Point", "coordinates": [ 125.703212645373497, 9.582402998987588 ] } },
{ "type": "Feature", "properties": { "_uid0_": 232, "id": 37286, "adm3_psgc": 1606715000.0, "adm4_psgc": 1606715009.0, "barangay": "MASGAD" }, "geometry": { "type": "Point", "coordinates": [ 125.436808199917948, 9.568064840053978 ] } },
{ "type": "Feature", "properties": { "_uid0_": 233, "id": 37258, "adm3_psgc": 1606714000.0, "adm4_psgc": 1606714001.0, "barangay": "BINGA" }, "geometry": { "type": "Point", "coordinates": [ 125.491621026687739, 9.579259010942161 ] } },
{ "type": "Feature", "properties": { "_uid0_": 234, "id": 37260, "adm3_psgc": 1606714000.0, "adm4_psgc": 1606714003.0, "barangay": "CANTUGAS" }, "geometry": { "type": "Point", "coordinates": [ 125.466105011691312, 9.579627800363482 ] } },
{ "type": "Feature", "properties": { "_uid0_": 235, "id": 37267, "adm3_psgc": 1606714000.0, "adm4_psgc": 1606714011.0, "barangay": "MATIN-AO" }, "geometry": { "type": "Point", "coordinates": [ 125.483338678860463, 9.545171713825606 ] } },
{ "type": "Feature", "properties": { "_uid0_": 236, "id": 37269, "adm3_psgc": 1606714000.0, "adm4_psgc": 1606714013.0, "barangay": "QUEZON" }, "geometry": { "type": "Point", "coordinates": [ 125.522591365885631, 9.537049165084413 ] } },
{ "type": "Feature", "properties": { "_uid0_": 237, "id": 37270, "adm3_psgc": 1606714000.0, "adm4_psgc": 1606714014.0, "barangay": "ROXAS" }, "geometry": { "type": "Point", "coordinates": [ 125.54562356881587, 9.540914776437276 ] } },
{ "type": "Feature", "properties": { "_uid0_": 238, "id": 37300, "adm3_psgc": 1606716000.0, "adm4_psgc": 1606716008.0, "barangay": "ASINAN" }, "geometry": { "type": "Point", "coordinates": [ 126.094372660530297, 9.866003707434309 ] } },
{ "type": "Feature", "properties": { "_uid0_": 239, "id": 37271, "adm3_psgc": 1606714000.0, "adm4_psgc": 1606714015.0, "barangay": "SAN FRANCISCO" }, "geometry": { "type": "Point", "coordinates": [ 125.47028713721437, 9.534775395026013 ] } },
{ "type": "Feature", "properties": { "_uid0_": 240, "id": 37272, "adm3_psgc": 1606714000.0, "adm4_psgc": 1606714016.0, "barangay": "SAN ISIDRO" }, "geometry": { "type": "Point", "coordinates": [ 125.506103900105558, 9.550859663144756 ] } },
{ "type": "Feature", "properties": { "_uid0_": 241, "id": 37443, "adm3_psgc": 1606724000.0, "adm4_psgc": 1606724066.0, "barangay": "TRINIDAD" }, "geometry": { "type": "Point", "coordinates": [ 125.515690254480688, 9.700150837765959 ] } },
{ "type": "Feature", "properties": { "_uid0_": 242, "id": 37276, "adm3_psgc": 1606714000.0, "adm4_psgc": 1606714020.0, "barangay": "TAGBUYAWAN" }, "geometry": { "type": "Point", "coordinates": [ 125.472827983777719, 9.490932821738776 ] } },
{ "type": "Feature", "properties": { "_uid0_": 243, "id": 37277, "adm3_psgc": 1606714000.0, "adm4_psgc": 1606714021.0, "barangay": "TAPI-AN" }, "geometry": { "type": "Point", "coordinates": [ 125.476928104300484, 9.465516099431841 ] } },
{ "type": "Feature", "properties": { "_uid0_": 244, "id": 37278, "adm3_psgc": 1606714000.0, "adm4_psgc": 1606714022.0, "barangay": "TOLINGON" }, "geometry": { "type": "Point", "coordinates": [ 125.467496820435684, 9.554027096644882 ] } },
{ "type": "Feature", "properties": { "_uid0_": 245, "id": 37279, "adm3_psgc": 1606715000.0, "adm4_psgc": 1606715001.0, "barangay": "DORO" }, "geometry": { "type": "Point", "coordinates": [ 125.425058656472785, 9.630929831455131 ] } },
{ "type": "Feature", "properties": { "_uid0_": 246, "id": 37280, "adm3_psgc": 1606715000.0, "adm4_psgc": 1606715002.0, "barangay": "BUNYASAN" }, "geometry": { "type": "Point", "coordinates": [ 125.432284399831332, 9.589993393452769 ] } },
{ "type": "Feature", "properties": { "_uid0_": 247, "id": 37281, "adm3_psgc": 1606715000.0, "adm4_psgc": 1606715003.0, "barangay": "CANTAPOY" }, "geometry": { "type": "Point", "coordinates": [ 125.433850442679571, 9.538133433695537 ] } },
{ "type": "Feature", "properties": { "_uid0_": 248, "id": 37289, "adm3_psgc": 1606715000.0, "adm4_psgc": 1606715013.0, "barangay": "TINAGO" }, "geometry": { "type": "Point", "coordinates": [ 125.424472129624661, 9.61595437279205 ] } },
{ "type": "Feature", "properties": { "_uid0_": 249, "id": 37282, "adm3_psgc": 1606715000.0, "adm4_psgc": 1606715004.0, "barangay": "CAGTINAE" }, "geometry": { "type": "Point", "coordinates": [ 125.415285018931982, 9.645867412354617 ] } },
{ "type": "Feature", "properties": { "_uid0_": 250, "id": 37291, "adm3_psgc": 1606715000.0, "adm4_psgc": 1606715015.0, "barangay": "CAN-AGA" }, "geometry": { "type": "Point", "coordinates": [ 125.448755155933739, 9.511444823468402 ] } },
{ "type": "Feature", "properties": { "_uid0_": 251, "id": 37313, "adm3_psgc": 1606717000.0, "adm4_psgc": 1606717007.0, "barangay": "CENTRAL" }, "geometry": { "type": "Point", "coordinates": [ 125.601471876827333, 9.655273471181559 ] } },
{ "type": "Feature", "properties": { "_uid0_": 252, "id": 37321, "adm3_psgc": 1606717000.0, "adm4_psgc": 1606717015.0, "barangay": "PANANAY-AN" }, "geometry": { "type": "Point", "coordinates": [ 125.60371508883982, 9.611352909431584 ] } },
{ "type": "Feature", "properties": { "_uid0_": 253, "id": 37326, "adm3_psgc": 1606717000.0, "adm4_psgc": 1606717020.0, "barangay": "TAGBONGABONG" }, "geometry": { "type": "Point", "coordinates": [ 125.601955833386867, 9.626739483317602 ] } },
{ "type": "Feature", "properties": { "_uid0_": 254, "id": 37327, "adm3_psgc": 1606717000.0, "adm4_psgc": 1606717021.0, "barangay": "SANI-SANI" }, "geometry": { "type": "Point", "coordinates": [ 125.649579635908864, 9.685311598907074 ] } },
{ "type": "Feature", "properties": { "_uid0_": 255, "id": 37331, "adm3_psgc": 1606718000.0, "adm4_psgc": 1606718005.0, "barangay": "SAN JUAN" }, "geometry": { "type": "Point", "coordinates": [ 126.034289209984308, 9.971871825990611 ] } },
{ "type": "Feature", "properties": { "_uid0_": 256, "id": 37332, "adm3_psgc": 1606718000.0, "adm4_psgc": 1606718006.0, "barangay": "SANTA CRUZ" }, "geometry": { "type": "Point", "coordinates": [ 126.025873235358262, 9.95910554411549 ] } },
{ "type": "Feature", "properties": { "_uid0_": 257, "id": 37333, "adm3_psgc": 1606718000.0, "adm4_psgc": 1606718007.0, "barangay": "TALISAY" }, "geometry": { "type": "Point", "coordinates": [ 126.010677351942121, 9.953091085763933 ] } },
{ "type": "Feature", "properties": { "_uid0_": 258, "id": 37334, "adm3_psgc": 1606719000.0, "adm4_psgc": 1606719001.0, "barangay": "AMONTAY" }, "geometry": { "type": "Point", "coordinates": [ 125.413247251013445, 9.702701642893585 ] } },
{ "type": "Feature", "properties": { "_uid0_": 259, "id": 37315, "adm3_psgc": 1606717000.0, "adm4_psgc": 1606717009.0, "barangay": "IPIL" }, "geometry": { "type": "Point", "coordinates": [ 125.601604466223137, 9.650748392774666 ] } },
{ "type": "Feature", "properties": { "_uid0_": 260, "id": 37317, "adm3_psgc": 1606717000.0, "adm4_psgc": 1606717011.0, "barangay": "MABINI" }, "geometry": { "type": "Point", "coordinates": [ 125.582559298006231, 9.620665602897912 ] } },
{ "type": "Feature", "properties": { "_uid0_": 261, "id": 37318, "adm3_psgc": 1606717000.0, "adm4_psgc": 1606717012.0, "barangay": "MACALAYA" }, "geometry": { "type": "Point", "coordinates": [ 125.572702285365651, 9.614503984376219 ] } },
{ "type": "Feature", "properties": { "_uid0_": 262, "id": 37319, "adm3_psgc": 1606717000.0, "adm4_psgc": 1606717013.0, "barangay": "MAGSAYSAY" }, "geometry": { "type": "Point", "coordinates": [ 125.59057218033243, 9.652128340463419 ] } },
{ "type": "Feature", "properties": { "_uid0_": 263, "id": 37335, "adm3_psgc": 1606719000.0, "adm4_psgc": 1606719002.0, "barangay": "BALITE" }, "geometry": { "type": "Point", "coordinates": [ 125.405238832359004, 9.728510648857242 ] } },
{ "type": "Feature", "properties": { "_uid0_": 264, "id": 37336, "adm3_psgc": 1606719000.0, "adm4_psgc": 1606719003.0, "barangay": "BANBANON" }, "geometry": { "type": "Point", "coordinates": [ 125.409335076409846, 9.761546637270499 ] } },
{ "type": "Feature", "properties": { "_uid0_": 265, "id": 37344, "adm3_psgc": 1606719000.0, "adm4_psgc": 1606719011.0, "barangay": "POBLACION" }, "geometry": { "type": "Point", "coordinates": [ 125.425918841025023, 9.775914669776023 ] } },
{ "type": "Feature", "properties": { "_uid0_": 266, "id": 37347, "adm3_psgc": 1606720000.0, "adm4_psgc": 1606720003.0, "barangay": "DEL PILAR" }, "geometry": { "type": "Point", "coordinates": [ 126.076553635842401, 9.935599247198066 ] } },
{ "type": "Feature", "properties": { "_uid0_": 267, "id": 37348, "adm3_psgc": 1606720000.0, "adm4_psgc": 1606720004.0, "barangay": "MACAPAGAL" }, "geometry": { "type": "Point", "coordinates": [ 126.066347322912662, 9.917528725053197 ] } },
{ "type": "Feature", "properties": { "_uid0_": 268, "id": 37352, "adm3_psgc": 1606720000.0, "adm4_psgc": 1606720009.0, "barangay": "SAN MIGUEL" }, "geometry": { "type": "Point", "coordinates": [ 126.069432491294592, 9.960043817295624 ] } },
{ "type": "Feature", "properties": { "_uid0_": 269, "id": 37354, "adm3_psgc": 1606720000.0, "adm4_psgc": 1606720011.0, "barangay": "SANTO NIÑO" }, "geometry": { "type": "Point", "coordinates": [ 126.051918774702074, 9.909532293855515 ] } },
{ "type": "Feature", "properties": { "_uid0_": 270, "id": 37355, "adm3_psgc": 1606720000.0, "adm4_psgc": 1606720012.0, "barangay": "TAMBACAN" }, "geometry": { "type": "Point", "coordinates": [ 126.038835378258099, 9.923953377622983 ] } },
{ "type": "Feature", "properties": { "_uid0_": 271, "id": 37361, "adm3_psgc": 1606721000.0, "adm4_psgc": 1606721005.0, "barangay": "GARCIA" }, "geometry": { "type": "Point", "coordinates": [ 126.064327499179825, 10.043717259060763 ] } },
{ "type": "Feature", "properties": { "_uid0_": 272, "id": 37371, "adm3_psgc": 1606722000.0, "adm4_psgc": 1606722005.0, "barangay": "LOWER PATAG" }, "geometry": { "type": "Point", "coordinates": [ 125.529210143741793, 9.650500842243735 ] } },
{ "type": "Feature", "properties": { "_uid0_": 273, "id": 37372, "adm3_psgc": 1606722000.0, "adm4_psgc": 1606722006.0, "barangay": "MABUHAY" }, "geometry": { "type": "Point", "coordinates": [ 125.526918516277718, 9.684236041266002 ] } },
{ "type": "Feature", "properties": { "_uid0_": 274, "id": 37373, "adm3_psgc": 1606722000.0, "adm4_psgc": 1606722007.0, "barangay": "MAYAG" }, "geometry": { "type": "Point", "coordinates": [ 125.476750119801267, 9.640449847850711 ] } },
{ "type": "Feature", "properties": { "_uid0_": 275, "id": 37374, "adm3_psgc": 1606722000.0, "adm4_psgc": 1606722008.0, "barangay": "POBLACION" }, "geometry": { "type": "Point", "coordinates": [ 125.521176717769308, 9.658729612689074 ] } },
{ "type": "Feature", "properties": { "_uid0_": 276, "id": 37356, "adm3_psgc": 1606720000.0, "adm4_psgc": 1606720013.0, "barangay": "TIGASAO" }, "geometry": { "type": "Point", "coordinates": [ 126.093057632190295, 9.923350964668259 ] } },
{ "type": "Feature", "properties": { "_uid0_": 277, "id": 37358, "adm3_psgc": 1606721000.0, "adm4_psgc": 1606721002.0, "barangay": "ALEGRIA" }, "geometry": { "type": "Point", "coordinates": [ 126.065074928140973, 10.055936182264745 ] } },
{ "type": "Feature", "properties": { "_uid0_": 278, "id": 37426, "adm3_psgc": 1606724000.0, "adm4_psgc": 1606724034.0, "barangay": "POCTOY" }, "geometry": { "type": "Point", "coordinates": [ 125.474197453199849, 9.741057513363875 ] } },
{ "type": "Feature", "properties": { "_uid0_": 279, "id": 37423, "adm3_psgc": 1606724000.0, "adm4_psgc": 1606724031.0, "barangay": "MAT-I" }, "geometry": { "type": "Point", "coordinates": [ 125.458554865063178, 9.702278538297556 ] } },
{ "type": "Feature", "properties": { "_uid0_": 280, "id": 37385, "adm3_psgc": 1606723000.0, "adm4_psgc": 1606723006.0, "barangay": "PAMOSAINGAN" }, "geometry": { "type": "Point", "coordinates": [ 125.929408753364527, 9.646131208667672 ] } },
{ "type": "Feature", "properties": { "_uid0_": 281, "id": 37428, "adm3_psgc": 1606724000.0, "adm4_psgc": 1606724036.0, "barangay": "QUEZON" }, "geometry": { "type": "Point", "coordinates": [ 125.511118278060295, 9.721392280490802 ] } },
{ "type": "Feature", "properties": { "_uid0_": 282, "id": 37386, "adm3_psgc": 1606723000.0, "adm4_psgc": 1606723007.0, "barangay": "RIZAL" }, "geometry": { "type": "Point", "coordinates": [ 125.96187382156883, 9.623276442827837 ] } },
{ "type": "Feature", "properties": { "_uid0_": 283, "id": 37397, "adm3_psgc": 1606724000.0, "adm4_psgc": 1606724004.0, "barangay": "AURORA" }, "geometry": { "type": "Point", "coordinates": [ 125.617794650347278, 9.895636730860076 ] } },
{ "type": "Feature", "properties": { "_uid0_": 284, "id": 37398, "adm3_psgc": 1606724000.0, "adm4_psgc": 1606724005.0, "barangay": "SERNA" }, "geometry": { "type": "Point", "coordinates": [ 125.48534111200388, 9.730057734581608 ] } },
{ "type": "Feature", "properties": { "_uid0_": 285, "id": 37414, "adm3_psgc": 1606724000.0, "adm4_psgc": 1606724022.0, "barangay": "IPIL" }, "geometry": { "type": "Point", "coordinates": [ 125.438850591708174, 9.782345390823616 ] } },
{ "type": "Feature", "properties": { "_uid0_": 286, "id": 37418, "adm3_psgc": 1606724000.0, "adm4_psgc": 1606724026.0, "barangay": "LUNA" }, "geometry": { "type": "Point", "coordinates": [ 125.486107997512875, 9.761305873866636 ] } },
{ "type": "Feature", "properties": { "_uid0_": 287, "id": 37419, "adm3_psgc": 1606724000.0, "adm4_psgc": 1606724027.0, "barangay": "MABINI" }, "geometry": { "type": "Point", "coordinates": [ 125.491029831000475, 9.701477985389412 ] } },
{ "type": "Feature", "properties": { "_uid0_": 288, "id": 37420, "adm3_psgc": 1606724000.0, "adm4_psgc": 1606724028.0, "barangay": "MABUA" }, "geometry": { "type": "Point", "coordinates": [ 125.442053325431772, 9.811093997494975 ] } },
{ "type": "Feature", "properties": { "_uid0_": 289, "id": 37440, "adm3_psgc": 1606724000.0, "adm4_psgc": 1606724048.0, "barangay": "TAFT" }, "geometry": { "type": "Point", "coordinates": [ 125.496097423068449, 9.783891122915692 ] } },
{ "type": "Feature", "properties": { "_uid0_": 290, "id": 37458, "adm3_psgc": 1606725000.0, "adm4_psgc": 1606725012.0, "barangay": "TALAVERA" }, "geometry": { "type": "Point", "coordinates": [ 125.694850078999949, 9.744289619282462 ] } },
{ "type": "Feature", "properties": { "_uid0_": 291, "id": 37459, "adm3_psgc": 1606725000.0, "adm4_psgc": 1606725013.0, "barangay": "UNION" }, "geometry": { "type": "Point", "coordinates": [ 125.553722915790559, 9.671696643670309 ] } },
{ "type": "Feature", "properties": { "_uid0_": 292, "id": 37460, "adm3_psgc": 1606725000.0, "adm4_psgc": 1606725014.0, "barangay": "UPPER LIBAS" }, "geometry": { "type": "Point", "coordinates": [ 125.546508080848369, 9.653048471437021 ] } },
{ "type": "Feature", "properties": { "_uid0_": 293, "id": 37461, "adm3_psgc": 1606725000.0, "adm4_psgc": 1606725015.0, "barangay": "PATINO" }, "geometry": { "type": "Point", "coordinates": [ 125.64557406227361, 9.710115400688519 ] } },
{ "type": "Feature", "properties": { "_uid0_": 294, "id": 37462, "adm3_psgc": 1606727000.0, "adm4_psgc": 1606727001.0, "barangay": "CAPAYAHAN" }, "geometry": { "type": "Point", "coordinates": [ 125.551022681717029, 9.57691332012004 ] } },
{ "type": "Feature", "properties": { "_uid0_": 295, "id": 37463, "adm3_psgc": 1606727000.0, "adm4_psgc": 1606727002.0, "barangay": "CAWILAN" }, "geometry": { "type": "Point", "coordinates": [ 125.588170075389257, 9.550819885972311 ] } },
{ "type": "Feature", "properties": { "_uid0_": 296, "id": 37464, "adm3_psgc": 1606727000.0, "adm4_psgc": 1606727003.0, "barangay": "DEL ROSARIO" }, "geometry": { "type": "Point", "coordinates": [ 125.568307375880948, 9.543779680927635 ] } },
{ "type": "Feature", "properties": { "_uid0_": 297, "id": 37430, "adm3_psgc": 1606724000.0, "adm4_psgc": 1606724038.0, "barangay": "SABANG" }, "geometry": { "type": "Point", "coordinates": [ 125.469939713695339, 9.794139191904993 ] } },
{ "type": "Feature", "properties": { "_uid0_": 298, "id": 37431, "adm3_psgc": 1606724000.0, "adm4_psgc": 1606724039.0, "barangay": "SAN ISIDRO" }, "geometry": { "type": "Point", "coordinates": [ 125.571262734738511, 9.755212177057709 ] } },
{ "type": "Feature", "properties": { "_uid0_": 299, "id": 37432, "adm3_psgc": 1606724000.0, "adm4_psgc": 1606724040.0, "barangay": "SAN JOSE" }, "geometry": { "type": "Point", "coordinates": [ 125.705093722387559, 9.776681249765709 ] } },
{ "type": "Feature", "properties": { "_uid0_": 300, "id": 37453, "adm3_psgc": 1606725000.0, "adm4_psgc": 1606725007.0, "barangay": "HIMAMAUG" }, "geometry": { "type": "Point", "coordinates": [ 125.567317347107263, 9.717424861844551 ] } },
{ "type": "Feature", "properties": { "_uid0_": 301, "id": 37433, "adm3_psgc": 1606724000.0, "adm4_psgc": 1606724041.0, "barangay": "SAN JUAN" }, "geometry": { "type": "Point", "coordinates": [ 125.482178243812896, 9.788228400658522 ] } },
{ "type": "Feature", "properties": { "_uid0_": 302, "id": 37435, "adm3_psgc": 1606724000.0, "adm4_psgc": 1606724043.0, "barangay": "SAN ROQUE" }, "geometry": { "type": "Point", "coordinates": [ 125.469063177519445, 9.752113655639105 ] } },
{ "type": "Feature", "properties": { "_uid0_": 303, "id": 37437, "adm3_psgc": 1606724000.0, "adm4_psgc": 1606724045.0, "barangay": "SILOP" }, "geometry": { "type": "Point", "coordinates": [ 125.515309580938208, 9.74261937902156 ] } },
{ "type": "Feature", "properties": { "_uid0_": 304, "id": 37438, "adm3_psgc": 1606724000.0, "adm4_psgc": 1606724046.0, "barangay": "SUGBAY" }, "geometry": { "type": "Point", "coordinates": [ 125.64464281663075, 9.788998527971348 ] } },
{ "type": "Feature", "properties": { "_uid0_": 305, "id": 37439, "adm3_psgc": 1606724000.0, "adm4_psgc": 1606724047.0, "barangay": "SUKAILANG" }, "geometry": { "type": "Point", "coordinates": [ 125.500418793448802, 9.670107594494533 ] } },
{ "type": "Feature", "properties": { "_uid0_": 306, "id": 37472, "adm3_psgc": 1606801000.0, "adm4_psgc": 1606801002.0, "barangay": "BAHI" }, "geometry": { "type": "Point", "coordinates": [ 126.048513003468329, 8.499091598633456 ] } },
{ "type": "Feature", "properties": { "_uid0_": 307, "id": 37473, "adm3_psgc": 1606801000.0, "adm4_psgc": 1606801003.0, "barangay": "CABACUNGAN" }, "geometry": { "type": "Point", "coordinates": [ 126.315634814936544, 8.523857537772079 ] } },
{ "type": "Feature", "properties": { "_uid0_": 308, "id": 37445, "adm3_psgc": 1606724000.0, "adm4_psgc": 1606724068.0, "barangay": "WASHINGTON" }, "geometry": { "type": "Point", "coordinates": [ 125.488471943084321, 9.785190596854356 ] } },
{ "type": "Feature", "properties": { "_uid0_": 309, "id": 37448, "adm3_psgc": 1606725000.0, "adm4_psgc": 1606725001.0, "barangay": "AURORA" }, "geometry": { "type": "Point", "coordinates": [ 125.580179030161986, 9.695519078290706 ] } },
{ "type": "Feature", "properties": { "_uid0_": 310, "id": 37449, "adm3_psgc": 1606725000.0, "adm4_psgc": 1606725002.0, "barangay": "AZUCENA" }, "geometry": { "type": "Point", "coordinates": [ 125.58215260931722, 9.698331420431394 ] } },
{ "type": "Feature", "properties": { "_uid0_": 311, "id": 37465, "adm3_psgc": 1606727000.0, "adm4_psgc": 1606727004.0, "barangay": "MARGA" }, "geometry": { "type": "Point", "coordinates": [ 125.568934374093928, 9.563780676474385 ] } },
{ "type": "Feature", "properties": { "_uid0_": 312, "id": 37466, "adm3_psgc": 1606727000.0, "adm4_psgc": 1606727005.0, "barangay": "MOTORPOOL" }, "geometry": { "type": "Point", "coordinates": [ 125.578856313575088, 9.583392647237098 ] } },
{ "type": "Feature", "properties": { "_uid0_": 313, "id": 37490, "adm3_psgc": 1606801000.0, "adm4_psgc": 1606801025.0, "barangay": "SAN ROQUE" }, "geometry": { "type": "Point", "coordinates": [ 126.198860997724282, 8.516422843640841 ] } },
{ "type": "Feature", "properties": { "_uid0_": 314, "id": 37492, "adm3_psgc": 1606802000.0, "adm4_psgc": 1606802001.0, "barangay": "AMAG" }, "geometry": { "type": "Point", "coordinates": [ 126.279729061267716, 8.94888669888306 ] } },
{ "type": "Feature", "properties": { "_uid0_": 315, "id": 37497, "adm3_psgc": 1606802000.0, "adm4_psgc": 1606802006.0, "barangay": "MAGOBAWOK" }, "geometry": { "type": "Point", "coordinates": [ 126.276837519548636, 8.964173764960213 ] } },
{ "type": "Feature", "properties": { "_uid0_": 316, "id": 37501, "adm3_psgc": 1606803000.0, "adm4_psgc": 1606803004.0, "barangay": "SAN ROQUE" }, "geometry": { "type": "Point", "coordinates": [ 126.213041088727294, 8.233090871272735 ] } },
{ "type": "Feature", "properties": { "_uid0_": 317, "id": 37503, "adm3_psgc": 1606803000.0, "adm4_psgc": 1606803006.0, "barangay": "COLETO" }, "geometry": { "type": "Point", "coordinates": [ 126.280976462536358, 8.217578156154755 ] } },
{ "type": "Feature", "properties": { "_uid0_": 318, "id": 37507, "adm3_psgc": 1606803000.0, "adm4_psgc": 1606803010.0, "barangay": "MONE" }, "geometry": { "type": "Point", "coordinates": [ 126.2538707731062, 8.159456944629669 ] } },
{ "type": "Feature", "properties": { "_uid0_": 319, "id": 37508, "adm3_psgc": 1606803000.0, "adm4_psgc": 1606803011.0, "barangay": "PAMAYPAYAN" }, "geometry": { "type": "Point", "coordinates": [ 126.298408732681281, 8.077986029191011 ] } },
{ "type": "Feature", "properties": { "_uid0_": 320, "id": 37512, "adm3_psgc": 1606803000.0, "adm4_psgc": 1606803015.0, "barangay": "SAN ISIDRO" }, "geometry": { "type": "Point", "coordinates": [ 126.302581096140742, 8.176452583380097 ] } },
{ "type": "Feature", "properties": { "_uid0_": 321, "id": 37789, "adm3_psgc": 1608501000.0, "adm4_psgc": 1608501011.0, "barangay": "MONTAG" }, "geometry": { "type": "Point", "coordinates": [ 125.541805933976619, 10.113347818697159 ] } },
{ "type": "Feature", "properties": { "_uid0_": 322, "id": 37790, "adm3_psgc": 1608501000.0, "adm4_psgc": 1608501012.0, "barangay": "NAVARRO" }, "geometry": { "type": "Point", "coordinates": [ 125.559148506593189, 10.084988196982094 ] } },
{ "type": "Feature", "properties": { "_uid0_": 323, "id": 37791, "adm3_psgc": 1608501000.0, "adm4_psgc": 1608501013.0, "barangay": "POBLACION" }, "geometry": { "type": "Point", "coordinates": [ 125.506896719077787, 9.992800488708646 ] } },
{ "type": "Feature", "properties": { "_uid0_": 324, "id": 37792, "adm3_psgc": 1608501000.0, "adm4_psgc": 1608501014.0, "barangay": "PUERTO PRINCESA" }, "geometry": { "type": "Point", "coordinates": [ 125.498086538639271, 10.109099643869762 ] } },
{ "type": "Feature", "properties": { "_uid0_": 325, "id": 37793, "adm3_psgc": 1608501000.0, "adm4_psgc": 1608501015.0, "barangay": "RITA GLENDA" }, "geometry": { "type": "Point", "coordinates": [ 125.607619369703073, 10.110376663931243 ] } },
{ "type": "Feature", "properties": { "_uid0_": 326, "id": 37519, "adm3_psgc": 1606803000.0, "adm4_psgc": 1606803022.0, "barangay": "PAMANLINAN" }, "geometry": { "type": "Point", "coordinates": [ 126.246274216888978, 8.208540491249607 ] } },
{ "type": "Feature", "properties": { "_uid0_": 327, "id": 37514, "adm3_psgc": 1606803000.0, "adm4_psgc": 1606803017.0, "barangay": "SAN VICENTE" }, "geometry": { "type": "Point", "coordinates": [ 126.300169371220363, 8.282963601735606 ] } },
{ "type": "Feature", "properties": { "_uid0_": 328, "id": 37530, "adm3_psgc": 1606804000.0, "adm4_psgc": 1606804008.0, "barangay": "LA PURISIMA" }, "geometry": { "type": "Point", "coordinates": [ 126.270291991358633, 8.908949192608725 ] } },
{ "type": "Feature", "properties": { "_uid0_": 329, "id": 37521, "adm3_psgc": 1606803000.0, "adm4_psgc": 1606803024.0, "barangay": "MAHARLIKA" }, "geometry": { "type": "Point", "coordinates": [ 126.25651277708549, 8.265116326919435 ] } },
{ "type": "Feature", "properties": { "_uid0_": 330, "id": 37520, "adm3_psgc": 1606803000.0, "adm4_psgc": 1606803023.0, "barangay": "KAHAYAG" }, "geometry": { "type": "Point", "coordinates": [ 126.298227234725644, 8.236866599372437 ] } },
{ "type": "Feature", "properties": { "_uid0_": 331, "id": 37533, "adm3_psgc": 1606804000.0, "adm4_psgc": 1606804012.0, "barangay": "TUBO-TUBO" }, "geometry": { "type": "Point", "coordinates": [ 126.255118204206767, 8.883217200444394 ] } },
{ "type": "Feature", "properties": { "_uid0_": 332, "id": 37524, "adm3_psgc": 1606804000.0, "adm4_psgc": 1606804002.0, "barangay": "BACOLOD" }, "geometry": { "type": "Point", "coordinates": [ 126.270469030568691, 8.930534868964301 ] } },
{ "type": "Feature", "properties": { "_uid0_": 333, "id": 37526, "adm3_psgc": 1606804000.0, "adm4_psgc": 1606804004.0, "barangay": "BITAUGAN WEST" }, "geometry": { "type": "Point", "coordinates": [ 126.308017197857112, 8.861171253961041 ] } },
{ "type": "Feature", "properties": { "_uid0_": 334, "id": 37911, "adm3_psgc": 1630400000.0, "adm4_psgc": 1630400043.0, "barangay": "GOLDEN RIBBON POB." }, "geometry": { "type": "Point", "coordinates": [ 125.542002834308377, 8.939419338321221 ] } },
{ "type": "Feature", "properties": { "_uid0_": 335, "id": 37681, "adm3_psgc": 1606815000.0, "adm4_psgc": 1606815003.0, "barangay": "BUHISAN" }, "geometry": { "type": "Point", "coordinates": [ 126.201267203389463, 8.755134166308515 ] } },
{ "type": "Feature", "properties": { "_uid0_": 336, "id": 37534, "adm3_psgc": 1606805000.0, "adm4_psgc": 1606805002.0, "barangay": "BUGSUKAN" }, "geometry": { "type": "Point", "coordinates": [ 125.985846274968907, 9.281948241082645 ] } },
{ "type": "Feature", "properties": { "_uid0_": 337, "id": 37538, "adm3_psgc": 1606805000.0, "adm4_psgc": 1606805006.0, "barangay": "CALAGDAAN" }, "geometry": { "type": "Point", "coordinates": [ 125.964011176234948, 9.312816031750959 ] } },
{ "type": "Feature", "properties": { "_uid0_": 338, "id": 37539, "adm3_psgc": 1606805000.0, "adm4_psgc": 1606805007.0, "barangay": "CONSUELO" }, "geometry": { "type": "Point", "coordinates": [ 125.972995816131942, 9.373189480781043 ] } },
{ "type": "Feature", "properties": { "_uid0_": 339, "id": 37540, "adm3_psgc": 1606805000.0, "adm4_psgc": 1606805008.0, "barangay": "GENERAL ISLAND" }, "geometry": { "type": "Point", "coordinates": [ 126.013313095309343, 9.415702125730856 ] } },
{ "type": "Feature", "properties": { "_uid0_": 340, "id": 37771, "adm3_psgc": 1606819000.0, "adm4_psgc": 1606819014.0, "barangay": "QUEZON" }, "geometry": { "type": "Point", "coordinates": [ 126.162825888119627, 9.060681032298621 ] } },
{ "type": "Feature", "properties": { "_uid0_": 341, "id": 37542, "adm3_psgc": 1606805000.0, "adm4_psgc": 1606805010.0, "barangay": "MAGASANG" }, "geometry": { "type": "Point", "coordinates": [ 125.955139897476087, 9.339937865743794 ] } },
{ "type": "Feature", "properties": { "_uid0_": 342, "id": 37659, "adm3_psgc": 1606813000.0, "adm4_psgc": 1606813007.0, "barangay": "QUIRINO" }, "geometry": { "type": "Point", "coordinates": [ 125.961427968802852, 9.260902068433808 ] } },
{ "type": "Feature", "properties": { "_uid0_": 343, "id": 37547, "adm3_psgc": 1606805000.0, "adm4_psgc": 1606805015.0, "barangay": "TAPI" }, "geometry": { "type": "Point", "coordinates": [ 125.98569379096827, 9.290938418835198 ] } },
{ "type": "Feature", "properties": { "_uid0_": 344, "id": 37548, "adm3_psgc": 1606805000.0, "adm4_psgc": 1606805016.0, "barangay": "TIGABONG" }, "geometry": { "type": "Point", "coordinates": [ 125.934837142639608, 9.310439928374453 ] } },
{ "type": "Feature", "properties": { "_uid0_": 345, "id": 37545, "adm3_psgc": 1606805000.0, "adm4_psgc": 1606805013.0, "barangay": "PALASAO" }, "geometry": { "type": "Point", "coordinates": [ 125.971070137219442, 9.295323671119927 ] } },
{ "type": "Feature", "properties": { "_uid0_": 346, "id": 37552, "adm3_psgc": 1606806000.0, "adm4_psgc": 1606806002.0, "barangay": "CANCAVAN" }, "geometry": { "type": "Point", "coordinates": [ 125.971422259106816, 9.229715946625678 ] } },
{ "type": "Feature", "properties": { "_uid0_": 347, "id": 37546, "adm3_psgc": 1606805000.0, "adm4_psgc": 1606805014.0, "barangay": "PARANG" }, "geometry": { "type": "Point", "coordinates": [ 125.943873830429112, 9.281265358400793 ] } },
{ "type": "Feature", "properties": { "_uid0_": 348, "id": 37560, "adm3_psgc": 1606807000.0, "adm4_psgc": 1606807002.0, "barangay": "BABUYAN" }, "geometry": { "type": "Point", "coordinates": [ 125.884268841297228, 9.341066710934495 ] } },
{ "type": "Feature", "properties": { "_uid0_": 349, "id": 37549, "adm3_psgc": 1606805000.0, "adm4_psgc": 1606805017.0, "barangay": "LOBO" }, "geometry": { "type": "Point", "coordinates": [ 125.813878901060818, 9.292328764525839 ] } },
{ "type": "Feature", "properties": { "_uid0_": 350, "id": 37683, "adm3_psgc": 1606815000.0, "adm4_psgc": 1606815005.0, "barangay": "HORNASAN" }, "geometry": { "type": "Point", "coordinates": [ 126.232093439895209, 8.758417254466094 ] } },
{ "type": "Feature", "properties": { "_uid0_": 351, "id": 37729, "adm3_psgc": 1606817000.0, "adm4_psgc": 1606817021.0, "barangay": "TAGONGON" }, "geometry": { "type": "Point", "coordinates": [ 126.213106654134606, 8.400531869596234 ] } },
{ "type": "Feature", "properties": { "_uid0_": 352, "id": 37553, "adm3_psgc": 1606806000.0, "adm4_psgc": 1606806003.0, "barangay": "CARMEN" }, "geometry": { "type": "Point", "coordinates": [ 126.014928188385923, 9.219092228808984 ] } },
{ "type": "Feature", "properties": { "_uid0_": 353, "id": 37551, "adm3_psgc": 1606806000.0, "adm4_psgc": 1606806001.0, "barangay": "ANTAO" }, "geometry": { "type": "Point", "coordinates": [ 125.989141061723913, 9.239859651700206 ] } },
{ "type": "Feature", "properties": { "_uid0_": 354, "id": 37554, "adm3_psgc": 1606806000.0, "adm4_psgc": 1606806004.0, "barangay": "ESPERANZA" }, "geometry": { "type": "Point", "coordinates": [ 125.950966737584892, 9.223226158861815 ] } },
{ "type": "Feature", "properties": { "_uid0_": 355, "id": 37556, "adm3_psgc": 1606806000.0, "adm4_psgc": 1606806006.0, "barangay": "SAN VICENTE" }, "geometry": { "type": "Point", "coordinates": [ 126.006636656351361, 9.221641149421901 ] } },
{ "type": "Feature", "properties": { "_uid0_": 356, "id": 37555, "adm3_psgc": 1606806000.0, "adm4_psgc": 1606806005.0, "barangay": "PUYAT" }, "geometry": { "type": "Point", "coordinates": [ 125.992644777709884, 9.213659386881998 ] } },
{ "type": "Feature", "properties": { "_uid0_": 357, "id": 37561, "adm3_psgc": 1606807000.0, "adm4_psgc": 1606807003.0, "barangay": "BACOLOD" }, "geometry": { "type": "Point", "coordinates": [ 125.935068734651566, 9.34274266217529 ] } },
{ "type": "Feature", "properties": { "_uid0_": 358, "id": 37562, "adm3_psgc": 1606807000.0, "adm4_psgc": 1606807004.0, "barangay": "BAYBAY" }, "geometry": { "type": "Point", "coordinates": [ 125.942742263882636, 9.368768702214425 ] } },
{ "type": "Feature", "properties": { "_uid0_": 359, "id": 37567, "adm3_psgc": 1606807000.0, "adm4_psgc": 1606807009.0, "barangay": "EMBARCADERO" }, "geometry": { "type": "Point", "coordinates": [ 125.952283508781264, 9.363195725814094 ] } },
{ "type": "Feature", "properties": { "_uid0_": 360, "id": 37568, "adm3_psgc": 1606807000.0, "adm4_psgc": 1606807010.0, "barangay": "GAMUTON" }, "geometry": { "type": "Point", "coordinates": [ 125.925151732901156, 9.356085182293608 ] } },
{ "type": "Feature", "properties": { "_uid0_": 361, "id": 37569, "adm3_psgc": 1606807000.0, "adm4_psgc": 1606807011.0, "barangay": "PANIKIAN" }, "geometry": { "type": "Point", "coordinates": [ 125.916324999504369, 9.323140820102051 ] } },
{ "type": "Feature", "properties": { "_uid0_": 362, "id": 37570, "adm3_psgc": 1606807000.0, "adm4_psgc": 1606807012.0, "barangay": "PANTUKAN" }, "geometry": { "type": "Point", "coordinates": [ 125.819408778428937, 9.365484644944541 ] } },
{ "type": "Feature", "properties": { "_uid0_": 363, "id": 37571, "adm3_psgc": 1606807000.0, "adm4_psgc": 1606807013.0, "barangay": "SACA" }, "geometry": { "type": "Point", "coordinates": [ 125.946297099287946, 9.357513097868342 ] } },
{ "type": "Feature", "properties": { "_uid0_": 364, "id": 37557, "adm3_psgc": 1606806000.0, "adm4_psgc": 1606806007.0, "barangay": "SANTA CRUZ" }, "geometry": { "type": "Point", "coordinates": [ 126.002903801755906, 9.237767796386203 ] } },
{ "type": "Feature", "properties": { "_uid0_": 365, "id": 37558, "adm3_psgc": 1606806000.0, "adm4_psgc": 1606806008.0, "barangay": "HINAPOYAN" }, "geometry": { "type": "Point", "coordinates": [ 125.867636852269086, 9.171690739014936 ] } },
{ "type": "Feature", "properties": { "_uid0_": 366, "id": 37688, "adm3_psgc": 1606815000.0, "adm4_psgc": 1606815010.0, "barangay": "PONG-ON" }, "geometry": { "type": "Point", "coordinates": [ 126.22861433333091, 8.781664997107917 ] } },
{ "type": "Feature", "properties": { "_uid0_": 367, "id": 37730, "adm3_psgc": 1606817000.0, "adm4_psgc": 1606817022.0, "barangay": "TRINIDAD" }, "geometry": { "type": "Point", "coordinates": [ 126.1951723736221, 8.464579627708657 ] } },
{ "type": "Feature", "properties": { "_uid0_": 368, "id": 37572, "adm3_psgc": 1606807000.0, "adm4_psgc": 1606807014.0, "barangay": "TAG-ANITO" }, "geometry": { "type": "Point", "coordinates": [ 125.944876706005829, 9.32858540451128 ] } },
{ "type": "Feature", "properties": { "_uid0_": 369, "id": 37573, "adm3_psgc": 1606808000.0, "adm4_psgc": 1606808001.0, "barangay": "BALIBADON" }, "geometry": { "type": "Point", "coordinates": [ 126.124168466080803, 9.149724546567381 ] } },
{ "type": "Feature", "properties": { "_uid0_": 370, "id": 37731, "adm3_psgc": 1606817000.0, "adm4_psgc": 1606817023.0, "barangay": "UGOBAN" }, "geometry": { "type": "Point", "coordinates": [ 126.150450194587137, 8.336610956807933 ] } },
{ "type": "Feature", "properties": { "_uid0_": 371, "id": 37732, "adm3_psgc": 1606817000.0, "adm4_psgc": 1606817024.0, "barangay": "VILLAVERDE" }, "geometry": { "type": "Point", "coordinates": [ 126.248445949442157, 8.492049375913496 ] } },
{ "type": "Feature", "properties": { "_uid0_": 372, "id": 37578, "adm3_psgc": 1606808000.0, "adm4_psgc": 1606808006.0, "barangay": "MANLICO" }, "geometry": { "type": "Point", "coordinates": [ 126.163486411079191, 9.28005090128903 ] } },
{ "type": "Feature", "properties": { "_uid0_": 373, "id": 37583, "adm3_psgc": 1606808000.0, "adm4_psgc": 1606808011.0, "barangay": "TUBORAN" }, "geometry": { "type": "Point", "coordinates": [ 126.170518384247416, 9.291244785668436 ] } },
{ "type": "Feature", "properties": { "_uid0_": 374, "id": 37707, "adm3_psgc": 1606816000.0, "adm4_psgc": 1606816017.0, "barangay": "SIAGAO" }, "geometry": { "type": "Point", "coordinates": [ 126.007142948766656, 8.961279847578862 ] } },
{ "type": "Feature", "properties": { "_uid0_": 375, "id": 37586, "adm3_psgc": 1606809000.0, "adm4_psgc": 1606809004.0, "barangay": "BIGAAN" }, "geometry": { "type": "Point", "coordinates": [ 126.240436090019926, 8.298689047979193 ] } },
{ "type": "Feature", "properties": { "_uid0_": 376, "id": 37594, "adm3_psgc": 1606809000.0, "adm4_psgc": 1606809021.0, "barangay": "PAGTIGNI-AN" }, "geometry": { "type": "Point", "coordinates": [ 126.305566604997352, 8.391184409627853 ] } },
{ "type": "Feature", "properties": { "_uid0_": 377, "id": 37588, "adm3_psgc": 1606809000.0, "adm4_psgc": 1606809006.0, "barangay": "CAMPA" }, "geometry": { "type": "Point", "coordinates": [ 126.380212257368981, 8.484809092916498 ] } },
{ "type": "Feature", "properties": { "_uid0_": 378, "id": 37589, "adm3_psgc": 1606809000.0, "adm4_psgc": 1606809009.0, "barangay": "DUGMANON" }, "geometry": { "type": "Point", "coordinates": [ 126.319022487174934, 8.42005557689183 ] } },
{ "type": "Feature", "properties": { "_uid0_": 379, "id": 37599, "adm3_psgc": 1606809000.0, "adm4_psgc": 1606809031.0, "barangay": "SASA" }, "geometry": { "type": "Point", "coordinates": [ 126.294527844587861, 8.372809837655526 ] } },
{ "type": "Feature", "properties": { "_uid0_": 380, "id": 37658, "adm3_psgc": 1606813000.0, "adm4_psgc": 1606813006.0, "barangay": "PATONG PATONG" }, "geometry": { "type": "Point", "coordinates": [ 125.950247341593894, 9.263435806258224 ] } },
{ "type": "Feature", "properties": { "_uid0_": 381, "id": 37609, "adm3_psgc": 1606810000.0, "adm4_psgc": 1606810001.0, "barangay": "AGSAM" }, "geometry": { "type": "Point", "coordinates": [ 126.037520250595918, 9.219807459547502 ] } },
{ "type": "Feature", "properties": { "_uid0_": 382, "id": 37643, "adm3_psgc": 1606812000.0, "adm4_psgc": 1606812009.0, "barangay": "PAGTILA-AN" }, "geometry": { "type": "Point", "coordinates": [ 126.358234584398133, 7.951855803568743 ] } },
{ "type": "Feature", "properties": { "_uid0_": 383, "id": 37611, "adm3_psgc": 1606810000.0, "adm4_psgc": 1606810004.0, "barangay": "BUNGA" }, "geometry": { "type": "Point", "coordinates": [ 126.018528797023933, 9.250243529667712 ] } },
{ "type": "Feature", "properties": { "_uid0_": 384, "id": 37612, "adm3_psgc": 1606810000.0, "adm4_psgc": 1606810008.0, "barangay": "GAMUTON" }, "geometry": { "type": "Point", "coordinates": [ 126.052486012151476, 9.217359657392722 ] } },
{ "type": "Feature", "properties": { "_uid0_": 385, "id": 37613, "adm3_psgc": 1606810000.0, "adm4_psgc": 1606810009.0, "barangay": "HABAG" }, "geometry": { "type": "Point", "coordinates": [ 126.075281827130283, 9.237092872808914 ] } },
{ "type": "Feature", "properties": { "_uid0_": 386, "id": 37614, "adm3_psgc": 1606810000.0, "adm4_psgc": 1606810010.0, "barangay": "MAMPI" }, "geometry": { "type": "Point", "coordinates": [ 126.080604306089199, 9.189397435671706 ] } },
{ "type": "Feature", "properties": { "_uid0_": 387, "id": 37616, "adm3_psgc": 1606810000.0, "adm4_psgc": 1606810015.0, "barangay": "SIBAHAY" }, "geometry": { "type": "Point", "coordinates": [ 126.107826302351612, 9.235628334714844 ] } },
{ "type": "Feature", "properties": { "_uid0_": 388, "id": 37617, "adm3_psgc": 1606810000.0, "adm4_psgc": 1606810016.0, "barangay": "ZONE I" }, "geometry": { "type": "Point", "coordinates": [ 126.054254703742401, 9.233239136913875 ] } },
{ "type": "Feature", "properties": { "_uid0_": 389, "id": 37645, "adm3_psgc": 1606812000.0, "adm4_psgc": 1606812011.0, "barangay": "POBLACION" }, "geometry": { "type": "Point", "coordinates": [ 126.391486900500084, 8.04576423668931 ] } },
{ "type": "Feature", "properties": { "_uid0_": 390, "id": 37657, "adm3_psgc": 1606813000.0, "adm4_psgc": 1606813005.0, "barangay": "PANAYOGON" }, "geometry": { "type": "Point", "coordinates": [ 125.961501948382733, 9.277301563623986 ] } },
{ "type": "Feature", "properties": { "_uid0_": 391, "id": 37646, "adm3_psgc": 1606812000.0, "adm4_psgc": 1606812012.0, "barangay": "RAJAH CABUNGSO-AN" }, "geometry": { "type": "Point", "coordinates": [ 126.277992942860962, 8.026872402953664 ] } },
{ "type": "Feature", "properties": { "_uid0_": 392, "id": 37653, "adm3_psgc": 1606813000.0, "adm4_psgc": 1606813001.0, "barangay": "BAGSAC" }, "geometry": { "type": "Point", "coordinates": [ 125.937874412216374, 9.248963184860811 ] } },
{ "type": "Feature", "properties": { "_uid0_": 393, "id": 37654, "adm3_psgc": 1606813000.0, "adm4_psgc": 1606813002.0, "barangay": "BAYOGO" }, "geometry": { "type": "Point", "coordinates": [ 125.851019675520476, 9.236758745286229 ] } },
{ "type": "Feature", "properties": { "_uid0_": 394, "id": 37655, "adm3_psgc": 1606813000.0, "adm4_psgc": 1606813003.0, "barangay": "MAGSAYSAY" }, "geometry": { "type": "Point", "coordinates": [ 125.974490041090519, 9.27170558574857 ] } },
{ "type": "Feature", "properties": { "_uid0_": 395, "id": 37656, "adm3_psgc": 1606813000.0, "adm4_psgc": 1606813004.0, "barangay": "MANGA" }, "geometry": { "type": "Point", "coordinates": [ 125.983018257219754, 9.257701906217704 ] } },
{ "type": "Feature", "properties": { "_uid0_": 396, "id": 37660, "adm3_psgc": 1606813000.0, "adm4_psgc": 1606813008.0, "barangay": "SAN ANTONIO" }, "geometry": { "type": "Point", "coordinates": [ 126.000541856627905, 9.255221712584202 ] } },
{ "type": "Feature", "properties": { "_uid0_": 397, "id": 37661, "adm3_psgc": 1606813000.0, "adm4_psgc": 1606813009.0, "barangay": "SAN JUAN" }, "geometry": { "type": "Point", "coordinates": [ 125.967477572563169, 9.247731859882073 ] } },
{ "type": "Feature", "properties": { "_uid0_": 398, "id": 37754, "adm3_psgc": 1606818000.0, "adm4_psgc": 1606818020.0, "barangay": "UMBAY" }, "geometry": { "type": "Point", "coordinates": [ 126.235551005187176, 8.992221729212254 ] } },
{ "type": "Feature", "properties": { "_uid0_": 399, "id": 37662, "adm3_psgc": 1606813000.0, "adm4_psgc": 1606813010.0, "barangay": "SAN ROQUE" }, "geometry": { "type": "Point", "coordinates": [ 125.939219609407985, 9.210180010828186 ] } },
{ "type": "Feature", "properties": { "_uid0_": 400, "id": 37663, "adm3_psgc": 1606813000.0, "adm4_psgc": 1606813011.0, "barangay": "SAN VICENTE" }, "geometry": { "type": "Point", "coordinates": [ 125.953859572705653, 9.238300515925523 ] } },
{ "type": "Feature", "properties": { "_uid0_": 401, "id": 37757, "adm3_psgc": 1606818000.0, "adm4_psgc": 1606818023.0, "barangay": "VICTORIA" }, "geometry": { "type": "Point", "coordinates": [ 126.208050540521342, 9.030867554027916 ] } },
{ "type": "Feature", "properties": { "_uid0_": 402, "id": 37680, "adm3_psgc": 1606815000.0, "adm4_psgc": 1606815002.0, "barangay": "BUATONG" }, "geometry": { "type": "Point", "coordinates": [ 126.179408692644984, 8.751521242514114 ] } },
{ "type": "Feature", "properties": { "_uid0_": 403, "id": 37664, "adm3_psgc": 1606813000.0, "adm4_psgc": 1606813012.0, "barangay": "SONGKIT" }, "geometry": { "type": "Point", "coordinates": [ 125.991560321472107, 9.276028972876874 ] } },
{ "type": "Feature", "properties": { "_uid0_": 404, "id": 37666, "adm3_psgc": 1606813000.0, "adm4_psgc": 1606813014.0, "barangay": "LINIBONAN" }, "geometry": { "type": "Point", "coordinates": [ 125.967962370198535, 9.259663724208798 ] } },
{ "type": "Feature", "properties": { "_uid0_": 405, "id": 37668, "adm3_psgc": 1606814000.0, "adm4_psgc": 1606814002.0, "barangay": "AMONTAY" }, "geometry": { "type": "Point", "coordinates": [ 126.246986267174279, 8.78795550945294 ] } },
{ "type": "Feature", "properties": { "_uid0_": 406, "id": 37698, "adm3_psgc": 1606816000.0, "adm4_psgc": 1606816007.0, "barangay": "CASTILLO" }, "geometry": { "type": "Point", "coordinates": [ 125.94107762785967, 8.905324756981241 ] } },
{ "type": "Feature", "properties": { "_uid0_": 407, "id": 37669, "adm3_psgc": 1606814000.0, "adm4_psgc": 1606814003.0, "barangay": "ANTIPOLO" }, "geometry": { "type": "Point", "coordinates": [ 126.275746088832676, 8.781827822170936 ] } },
{ "type": "Feature", "properties": { "_uid0_": 408, "id": 37671, "adm3_psgc": 1606814000.0, "adm4_psgc": 1606814005.0, "barangay": "BAYAN" }, "geometry": { "type": "Point", "coordinates": [ 126.278158585156547, 8.813642420310922 ] } },
{ "type": "Feature", "properties": { "_uid0_": 409, "id": 37717, "adm3_psgc": 1606817000.0, "adm4_psgc": 1606817009.0, "barangay": "MALIXI" }, "geometry": { "type": "Point", "coordinates": [ 126.171165785365929, 8.410489378422019 ] } },
{ "type": "Feature", "properties": { "_uid0_": 410, "id": 37670, "adm3_psgc": 1606814000.0, "adm4_psgc": 1606814004.0, "barangay": "AROROGAN" }, "geometry": { "type": "Point", "coordinates": [ 126.281461931642355, 8.792598618391796 ] } },
{ "type": "Feature", "properties": { "_uid0_": 411, "id": 37672, "adm3_psgc": 1606814000.0, "adm4_psgc": 1606814006.0, "barangay": "MAHABA" }, "geometry": { "type": "Point", "coordinates": [ 126.159381421823994, 8.826949763784793 ] } },
{ "type": "Feature", "properties": { "_uid0_": 412, "id": 37689, "adm3_psgc": 1606815000.0, "adm4_psgc": 1606815011.0, "barangay": "PONGTOD" }, "geometry": { "type": "Point", "coordinates": [ 126.240573523191131, 8.772654646601193 ] } },
{ "type": "Feature", "properties": { "_uid0_": 413, "id": 37682, "adm3_psgc": 1606815000.0, "adm4_psgc": 1606815004.0, "barangay": "GATA" }, "geometry": { "type": "Point", "coordinates": [ 126.181229537488136, 8.715321529269248 ] } },
{ "type": "Feature", "properties": { "_uid0_": 414, "id": 37705, "adm3_psgc": 1606816000.0, "adm4_psgc": 1606816014.0, "barangay": "SAGBAYAN" }, "geometry": { "type": "Point", "coordinates": [ 125.967769909062994, 8.943952704386625 ] } },
{ "type": "Feature", "properties": { "_uid0_": 415, "id": 37686, "adm3_psgc": 1606815000.0, "adm4_psgc": 1606815008.0, "barangay": "OTEIZA" }, "geometry": { "type": "Point", "coordinates": [ 126.228068807323481, 8.751043309025649 ] } },
{ "type": "Feature", "properties": { "_uid0_": 416, "id": 37690, "adm3_psgc": 1606815000.0, "adm4_psgc": 1606815012.0, "barangay": "SALVACION" }, "geometry": { "type": "Point", "coordinates": [ 126.202136091556454, 8.714628108905012 ] } },
{ "type": "Feature", "properties": { "_uid0_": 417, "id": 37701, "adm3_psgc": 1606816000.0, "adm4_psgc": 1606816010.0, "barangay": "MAGROYONG" }, "geometry": { "type": "Point", "coordinates": [ 126.054278210709199, 8.976170016081777 ] } },
{ "type": "Feature", "properties": { "_uid0_": 418, "id": 37693, "adm3_psgc": 1606816000.0, "adm4_psgc": 1606816002.0, "barangay": "BARAS" }, "geometry": { "type": "Point", "coordinates": [ 126.053412236610342, 8.914603107268363 ] } },
{ "type": "Feature", "properties": { "_uid0_": 419, "id": 37848, "adm3_psgc": 1608504000.0, "adm4_psgc": 1608504016.0, "barangay": "ROSITA" }, "geometry": { "type": "Point", "coordinates": [ 125.573247472465098, 10.129834296814966 ] } },
{ "type": "Feature", "properties": { "_uid0_": 420, "id": 37695, "adm3_psgc": 1606816000.0, "adm4_psgc": 1606816004.0, "barangay": "BOLHOON" }, "geometry": { "type": "Point", "coordinates": [ 125.977231930805374, 8.822687730872905 ] } },
{ "type": "Feature", "properties": { "_uid0_": 421, "id": 37696, "adm3_psgc": 1606816000.0, "adm4_psgc": 1606816005.0, "barangay": "CALATNGAN" }, "geometry": { "type": "Point", "coordinates": [ 125.965652909009947, 8.994954141874267 ] } },
{ "type": "Feature", "properties": { "_uid0_": 422, "id": 37702, "adm3_psgc": 1606816000.0, "adm4_psgc": 1606816011.0, "barangay": "MAHAYAG" }, "geometry": { "type": "Point", "coordinates": [ 125.990209695402243, 8.928181530813008 ] } },
{ "type": "Feature", "properties": { "_uid0_": 423, "id": 37735, "adm3_psgc": 1606818000.0, "adm4_psgc": 1606818001.0, "barangay": "ALBA" }, "geometry": { "type": "Point", "coordinates": [ 126.132356562189756, 8.967203082738331 ] } },
{ "type": "Feature", "properties": { "_uid0_": 424, "id": 37703, "adm3_psgc": 1606816000.0, "adm4_psgc": 1606816012.0, "barangay": "PATONG" }, "geometry": { "type": "Point", "coordinates": [ 126.010032016561908, 8.935412684444323 ] } },
{ "type": "Feature", "properties": { "_uid0_": 425, "id": 37704, "adm3_psgc": 1606816000.0, "adm4_psgc": 1606816013.0, "barangay": "POBLACION" }, "geometry": { "type": "Point", "coordinates": [ 126.03117964855943, 8.924769004434705 ] } },
{ "type": "Feature", "properties": { "_uid0_": 426, "id": 37709, "adm3_psgc": 1606816000.0, "adm4_psgc": 1606816019.0, "barangay": "TINA" }, "geometry": { "type": "Point", "coordinates": [ 126.033377052374007, 8.980436655145656 ] } },
{ "type": "Feature", "properties": { "_uid0_": 427, "id": 37736, "adm3_psgc": 1606818000.0, "adm4_psgc": 1606818002.0, "barangay": "ANAHAO BAG-O" }, "geometry": { "type": "Point", "coordinates": [ 126.164700540857311, 8.908803120443356 ] } },
{ "type": "Feature", "properties": { "_uid0_": 428, "id": 37737, "adm3_psgc": 1606818000.0, "adm4_psgc": 1606818003.0, "barangay": "ANAHAO DAAN" }, "geometry": { "type": "Point", "coordinates": [ 126.196608714979618, 8.913791312710261 ] } },
{ "type": "Feature", "properties": { "_uid0_": 429, "id": 37738, "adm3_psgc": 1606818000.0, "adm4_psgc": 1606818004.0, "barangay": "BADONG" }, "geometry": { "type": "Point", "coordinates": [ 126.10364164054144, 8.951343154731109 ] } },
{ "type": "Feature", "properties": { "_uid0_": 430, "id": 37740, "adm3_psgc": 1606818000.0, "adm4_psgc": 1606818006.0, "barangay": "BANGSUD" }, "geometry": { "type": "Point", "coordinates": [ 126.14543846351981, 8.922214859196542 ] } },
{ "type": "Feature", "properties": { "_uid0_": 431, "id": 37750, "adm3_psgc": 1606818000.0, "adm4_psgc": 1606818016.0, "barangay": "LINDOY" }, "geometry": { "type": "Point", "coordinates": [ 126.121176859691531, 8.940375549118878 ] } },
{ "type": "Feature", "properties": { "_uid0_": 432, "id": 37742, "adm3_psgc": 1606818000.0, "adm4_psgc": 1606818008.0, "barangay": "CAMAGONG" }, "geometry": { "type": "Point", "coordinates": [ 126.196795070432273, 9.011730464262815 ] } },
{ "type": "Feature", "properties": { "_uid0_": 433, "id": 37743, "adm3_psgc": 1606818000.0, "adm4_psgc": 1606818009.0, "barangay": "CARAS-AN" }, "geometry": { "type": "Point", "coordinates": [ 126.085312939378795, 8.885447698809688 ] } },
{ "type": "Feature", "properties": { "_uid0_": 434, "id": 37745, "adm3_psgc": 1606818000.0, "adm4_psgc": 1606818011.0, "barangay": "DAYO-AN" }, "geometry": { "type": "Point", "coordinates": [ 126.179239601734437, 9.021537188658478 ] } },
{ "type": "Feature", "properties": { "_uid0_": 435, "id": 37748, "adm3_psgc": 1606818000.0, "adm4_psgc": 1606818014.0, "barangay": "KINABIGTASAN" }, "geometry": { "type": "Point", "coordinates": [ 126.175517208772007, 8.977987523765854 ] } },
{ "type": "Feature", "properties": { "_uid0_": 436, "id": 37755, "adm3_psgc": 1606818000.0, "adm4_psgc": 1606818021.0, "barangay": "UNABAN" }, "geometry": { "type": "Point", "coordinates": [ 126.187362077942666, 8.991137555763105 ] } },
{ "type": "Feature", "properties": { "_uid0_": 437, "id": 37756, "adm3_psgc": 1606818000.0, "adm4_psgc": 1606818022.0, "barangay": "UNIDOS" }, "geometry": { "type": "Point", "coordinates": [ 126.204412025903508, 8.973319488894516 ] } },
{ "type": "Feature", "properties": { "_uid0_": 438, "id": 37758, "adm3_psgc": 1606818000.0, "adm4_psgc": 1606818024.0, "barangay": "CABANGAHAN" }, "geometry": { "type": "Point", "coordinates": [ 126.079334046803694, 9.006427327311602 ] } },
{ "type": "Feature", "properties": { "_uid0_": 439, "id": 37759, "adm3_psgc": 1606819000.0, "adm4_psgc": 1606819001.0, "barangay": "AWASIAN" }, "geometry": { "type": "Point", "coordinates": [ 126.124371629678308, 9.093035617518575 ] } },
{ "type": "Feature", "properties": { "_uid0_": 440, "id": 37760, "adm3_psgc": 1606819000.0, "adm4_psgc": 1606819002.0, "barangay": "BAGONG LUNGSOD" }, "geometry": { "type": "Point", "coordinates": [ 126.198985672422666, 9.075096273419375 ] } },
{ "type": "Feature", "properties": { "_uid0_": 441, "id": 37761, "adm3_psgc": 1606819000.0, "adm4_psgc": 1606819003.0, "barangay": "BIOTO" }, "geometry": { "type": "Point", "coordinates": [ 126.179221787326782, 9.067049445536135 ] } },
{ "type": "Feature", "properties": { "_uid0_": 442, "id": 37767, "adm3_psgc": 1606819000.0, "adm4_psgc": 1606819010.0, "barangay": "MAITUM" }, "geometry": { "type": "Point", "coordinates": [ 126.105814939839462, 9.065032398683909 ] } },
{ "type": "Feature", "properties": { "_uid0_": 443, "id": 37762, "adm3_psgc": 1606819000.0, "adm4_psgc": 1606819004.0, "barangay": "BUENAVISTA" }, "geometry": { "type": "Point", "coordinates": [ 126.122294502217727, 9.126506219082057 ] } },
{ "type": "Feature", "properties": { "_uid0_": 444, "id": 37764, "adm3_psgc": 1606819000.0, "adm4_psgc": 1606819006.0, "barangay": "DAGOCDOC" }, "geometry": { "type": "Point", "coordinates": [ 126.195580623705766, 9.077843978442386 ] } },
{ "type": "Feature", "properties": { "_uid0_": 445, "id": 37765, "adm3_psgc": 1606819000.0, "adm4_psgc": 1606819008.0, "barangay": "MABUA" }, "geometry": { "type": "Point", "coordinates": [ 126.19871910089563, 9.061040487548359 ] } },
{ "type": "Feature", "properties": { "_uid0_": 446, "id": 37772, "adm3_psgc": 1606819000.0, "adm4_psgc": 1606819015.0, "barangay": "ROSARIO" }, "geometry": { "type": "Point", "coordinates": [ 126.201197537964305, 9.042701464767683 ] } },
{ "type": "Feature", "properties": { "_uid0_": 447, "id": 37774, "adm3_psgc": 1606819000.0, "adm4_psgc": 1606819017.0, "barangay": "SAN AGUSTIN NORTE" }, "geometry": { "type": "Point", "coordinates": [ 126.162079529869359, 9.090653769467663 ] } },
{ "type": "Feature", "properties": { "_uid0_": 448, "id": 37775, "adm3_psgc": 1606819000.0, "adm4_psgc": 1606819018.0, "barangay": "SAN AGUSTIN SUR" }, "geometry": { "type": "Point", "coordinates": [ 126.178543910322361, 9.079224380490857 ] } },
{ "type": "Feature", "properties": { "_uid0_": 449, "id": 37777, "adm3_psgc": 1606819000.0, "adm4_psgc": 1606819020.0, "barangay": "SAN ISIDRO" }, "geometry": { "type": "Point", "coordinates": [ 126.16315660174034, 9.041092677762052 ] } },
{ "type": "Feature", "properties": { "_uid0_": 450, "id": 37778, "adm3_psgc": 1606819000.0, "adm4_psgc": 1606819021.0, "barangay": "SAN JOSE" }, "geometry": { "type": "Point", "coordinates": [ 126.180585856586745, 9.047168062234912 ] } },
{ "type": "Feature", "properties": { "_uid0_": 451, "id": 37779, "adm3_psgc": 1606819000.0, "adm4_psgc": 1606819022.0, "barangay": "TELAJE" }, "geometry": { "type": "Point", "coordinates": [ 126.191070710121807, 9.067211454302493 ] } },
{ "type": "Feature", "properties": { "_uid0_": 452, "id": 37780, "adm3_psgc": 1608501000.0, "adm4_psgc": 1608501002.0, "barangay": "CATADMAN" }, "geometry": { "type": "Point", "coordinates": [ 125.521170843301476, 9.97868175580699 ] } },
{ "type": "Feature", "properties": { "_uid0_": 453, "id": 37800, "adm3_psgc": 1608501000.0, "adm4_psgc": 1608501022.0, "barangay": "NEW NAZARETH" }, "geometry": { "type": "Point", "coordinates": [ 125.584023028642548, 10.095050810507182 ] } },
{ "type": "Feature", "properties": { "_uid0_": 454, "id": 37816, "adm3_psgc": 1608502000.0, "adm4_psgc": 1608502010.0, "barangay": "SANTA RITA" }, "geometry": { "type": "Point", "coordinates": [ 125.653609762064377, 9.955302138005283 ] } },
{ "type": "Feature", "properties": { "_uid0_": 455, "id": 37817, "adm3_psgc": 1608502000.0, "adm4_psgc": 1608502011.0, "barangay": "TIGBAO" }, "geometry": { "type": "Point", "coordinates": [ 125.662609912838406, 9.880700502533022 ] } },
{ "type": "Feature", "properties": { "_uid0_": 456, "id": 37818, "adm3_psgc": 1608502000.0, "adm4_psgc": 1608502012.0, "barangay": "VALENCIA" }, "geometry": { "type": "Point", "coordinates": [ 125.653280528183387, 10.16012445807913 ] } },
{ "type": "Feature", "properties": { "_uid0_": 457, "id": 37819, "adm3_psgc": 1608502000.0, "adm4_psgc": 1608502013.0, "barangay": "MABINI" }, "geometry": { "type": "Point", "coordinates": [ 125.691596745053914, 9.88430822068192 ] } },
{ "type": "Feature", "properties": { "_uid0_": 458, "id": 37820, "adm3_psgc": 1608502000.0, "adm4_psgc": 1608502014.0, "barangay": "R. ECLEO, SR." }, "geometry": { "type": "Point", "coordinates": [ 125.647233323615225, 9.939516833440772 ] } },
{ "type": "Feature", "properties": { "_uid0_": 459, "id": 37821, "adm3_psgc": 1608503000.0, "adm4_psgc": 1608503002.0, "barangay": "CAB-ILAN" }, "geometry": { "type": "Point", "coordinates": [ 125.547459882688102, 9.946628484214676 ] } },
{ "type": "Feature", "properties": { "_uid0_": 460, "id": 37822, "adm3_psgc": 1608503000.0, "adm4_psgc": 1608503003.0, "barangay": "CABAYAWAN" }, "geometry": { "type": "Point", "coordinates": [ 125.546921790392844, 9.976835766804674 ] } },
{ "type": "Feature", "properties": { "_uid0_": 461, "id": 37883, "adm3_psgc": 1630400000.0, "adm4_psgc": 1630400006.0, "barangay": "AMPARO" }, "geometry": { "type": "Point", "coordinates": [ 125.558602418808562, 8.849509567796586 ] } },
{ "type": "Feature", "properties": { "_uid0_": 462, "id": 37884, "adm3_psgc": 1630400000.0, "adm4_psgc": 1630400007.0, "barangay": "AMPAYON" }, "geometry": { "type": "Point", "coordinates": [ 125.603732434941861, 8.962403005638304 ] } },
{ "type": "Feature", "properties": { "_uid0_": 463, "id": 37886, "adm3_psgc": 1630400000.0, "adm4_psgc": 1630400009.0, "barangay": "ANTONGALON" }, "geometry": { "type": "Point", "coordinates": [ 125.624273732097308, 8.952497906278184 ] } },
{ "type": "Feature", "properties": { "_uid0_": 464, "id": 37823, "adm3_psgc": 1608503000.0, "adm4_psgc": 1608503004.0, "barangay": "ESCOLTA" }, "geometry": { "type": "Point", "coordinates": [ 125.593850188657811, 9.960061036807096 ] } },
{ "type": "Feature", "properties": { "_uid0_": 465, "id": 37824, "adm3_psgc": 1608503000.0, "adm4_psgc": 1608503005.0, "barangay": "GOMEZ" }, "geometry": { "type": "Point", "coordinates": [ 125.582162581288713, 9.990606254682513 ] } },
{ "type": "Feature", "properties": { "_uid0_": 466, "id": 37825, "adm3_psgc": 1608503000.0, "adm4_psgc": 1608503007.0, "barangay": "MAGSAYSAY" }, "geometry": { "type": "Point", "coordinates": [ 125.619931349037842, 9.98209029152809 ] } },
{ "type": "Feature", "properties": { "_uid0_": 467, "id": 37885, "adm3_psgc": 1630400000.0, "adm4_psgc": 1630400008.0, "barangay": "ANTICALA" }, "geometry": { "type": "Point", "coordinates": [ 125.683727366365375, 9.020489993738067 ] } },
{ "type": "Feature", "properties": { "_uid0_": 468, "id": 37826, "adm3_psgc": 1608503000.0, "adm4_psgc": 1608503009.0, "barangay": "MAUSWAGON" }, "geometry": { "type": "Point", "coordinates": [ 125.591050851853282, 9.961875655634492 ] } },
{ "type": "Feature", "properties": { "_uid0_": 469, "id": 37840, "adm3_psgc": 1608504000.0, "adm4_psgc": 1608504008.0, "barangay": "MAGSAYSAY" }, "geometry": { "type": "Point", "coordinates": [ 125.503646085354916, 10.163267254995437 ] } },
{ "type": "Feature", "properties": { "_uid0_": 470, "id": 37841, "adm3_psgc": 1608504000.0, "adm4_psgc": 1608504009.0, "barangay": "OSMEÑA" }, "geometry": { "type": "Point", "coordinates": [ 125.503708964216486, 10.176854101258021 ] } },
{ "type": "Feature", "properties": { "_uid0_": 471, "id": 37849, "adm3_psgc": 1608505000.0, "adm4_psgc": 1608505001.0, "barangay": "CARMEN" }, "geometry": { "type": "Point", "coordinates": [ 125.575061644485828, 10.345505773843334 ] } },
{ "type": "Feature", "properties": { "_uid0_": 472, "id": 37851, "adm3_psgc": 1608505000.0, "adm4_psgc": 1608505003.0, "barangay": "FERDINAND" }, "geometry": { "type": "Point", "coordinates": [ 125.556504955813907, 10.368639103485009 ] } },
{ "type": "Feature", "properties": { "_uid0_": 473, "id": 37852, "adm3_psgc": 1608505000.0, "adm4_psgc": 1608505004.0, "barangay": "HELENE" }, "geometry": { "type": "Point", "coordinates": [ 125.487330505355743, 10.449696894260573 ] } },
{ "type": "Feature", "properties": { "_uid0_": 474, "id": 37853, "adm3_psgc": 1608505000.0, "adm4_psgc": 1608505006.0, "barangay": "LIBERTY" }, "geometry": { "type": "Point", "coordinates": [ 125.489731021112533, 10.432019272922565 ] } },
{ "type": "Feature", "properties": { "_uid0_": 475, "id": 37854, "adm3_psgc": 1608505000.0, "adm4_psgc": 1608505008.0, "barangay": "MAGSAYSAY" }, "geometry": { "type": "Point", "coordinates": [ 125.475052911213382, 10.445831559327651 ] } },
{ "type": "Feature", "properties": { "_uid0_": 476, "id": 37855, "adm3_psgc": 1608505000.0, "adm4_psgc": 1608505011.0, "barangay": "PANAMAON" }, "geometry": { "type": "Point", "coordinates": [ 125.638952748188188, 10.433314343426144 ] } },
{ "type": "Feature", "properties": { "_uid0_": 477, "id": 37857, "adm3_psgc": 1608505000.0, "adm4_psgc": 1608505015.0, "barangay": "SANTA CRUZ" }, "geometry": { "type": "Point", "coordinates": [ 125.579688493382164, 10.34313643924615 ] } },
{ "type": "Feature", "properties": { "_uid0_": 478, "id": 37858, "adm3_psgc": 1608505000.0, "adm4_psgc": 1608505017.0, "barangay": "SANTIAGO" }, "geometry": { "type": "Point", "coordinates": [ 125.624209895968264, 10.316654949953735 ] } },
{ "type": "Feature", "properties": { "_uid0_": 479, "id": 37859, "adm3_psgc": 1608506000.0, "adm4_psgc": 1608506001.0, "barangay": "AURELIO" }, "geometry": { "type": "Point", "coordinates": [ 125.576386237049576, 10.008605570284427 ] } },
{ "type": "Feature", "properties": { "_uid0_": 480, "id": 37860, "adm3_psgc": 1608506000.0, "adm4_psgc": 1608506002.0, "barangay": "CUARINTA" }, "geometry": { "type": "Point", "coordinates": [ 125.616056160812363, 10.018154304134336 ] } },
{ "type": "Feature", "properties": { "_uid0_": 481, "id": 37908, "adm3_psgc": 1630400000.0, "adm4_psgc": 1630400038.0, "barangay": "DIEGO SILANG POB." }, "geometry": { "type": "Point", "coordinates": [ 125.541940063119952, 8.945414830757848 ] } },
{ "type": "Feature", "properties": { "_uid0_": 482, "id": 37856, "adm3_psgc": 1608505000.0, "adm4_psgc": 1608505013.0, "barangay": "SAN JUAN" }, "geometry": { "type": "Point", "coordinates": [ 125.567188674111037, 10.352498575302153 ] } },
{ "type": "Feature", "properties": { "_uid0_": 483, "id": 37922, "adm3_psgc": 1630400000.0, "adm4_psgc": 1630400056.0, "barangay": "LOS ANGELES" }, "geometry": { "type": "Point", "coordinates": [ 125.620661979504064, 9.011670641044418 ] } },
{ "type": "Feature", "properties": { "_uid0_": 484, "id": 37861, "adm3_psgc": 1608506000.0, "adm4_psgc": 1608506003.0, "barangay": "DON RUBEN ECLEO" }, "geometry": { "type": "Point", "coordinates": [ 125.582789263598428, 10.015210976681372 ] } },
{ "type": "Feature", "properties": { "_uid0_": 485, "id": 37865, "adm3_psgc": 1608506000.0, "adm4_psgc": 1608506007.0, "barangay": "MAHAYAHAY" }, "geometry": { "type": "Point", "coordinates": [ 125.582807127848028, 10.006902508833056 ] } },
{ "type": "Feature", "properties": { "_uid0_": 486, "id": 37862, "adm3_psgc": 1608506000.0, "adm4_psgc": 1608506004.0, "barangay": "JACQUEZ" }, "geometry": { "type": "Point", "coordinates": [ 125.573427859395323, 10.0061471888021 ] } },
{ "type": "Feature", "properties": { "_uid0_": 487, "id": 37863, "adm3_psgc": 1608506000.0, "adm4_psgc": 1608506005.0, "barangay": "JUSTINIANA EDERA" }, "geometry": { "type": "Point", "coordinates": [ 125.582836134249675, 10.009734963052912 ] } },
{ "type": "Feature", "properties": { "_uid0_": 488, "id": 37864, "adm3_psgc": 1608506000.0, "adm4_psgc": 1608506006.0, "barangay": "LUNA" }, "geometry": { "type": "Point", "coordinates": [ 125.596900082508014, 9.999972601307432 ] } },
{ "type": "Feature", "properties": { "_uid0_": 489, "id": 37927, "adm3_psgc": 1630400000.0, "adm4_psgc": 1630400063.0, "barangay": "MAIBU" }, "geometry": { "type": "Point", "coordinates": [ 125.612119351722839, 8.845027339045409 ] } },
{ "type": "Feature", "properties": { "_uid0_": 490, "id": 37868, "adm3_psgc": 1608506000.0, "adm4_psgc": 1608506010.0, "barangay": "SAN JUAN" }, "geometry": { "type": "Point", "coordinates": [ 125.575244459523631, 10.01188858826467 ] } },
{ "type": "Feature", "properties": { "_uid0_": 491, "id": 37878, "adm3_psgc": 1608507000.0, "adm4_psgc": 1608507008.0, "barangay": "SAN VICENTE" }, "geometry": { "type": "Point", "coordinates": [ 125.568567239496133, 10.329394694080779 ] } },
{ "type": "Feature", "properties": { "_uid0_": 492, "id": 37881, "adm3_psgc": 1630400000.0, "adm4_psgc": 1630400003.0, "barangay": "AGUSAN PEQUEÑO" }, "geometry": { "type": "Point", "coordinates": [ 125.523495439263939, 8.978538924175767 ] } },
{ "type": "Feature", "properties": { "_uid0_": 493, "id": 37882, "adm3_psgc": 1630400000.0, "adm4_psgc": 1630400004.0, "barangay": "AMBAGO" }, "geometry": { "type": "Point", "coordinates": [ 125.501950336402189, 8.968049129745099 ] } },
{ "type": "Feature", "properties": { "_uid0_": 494, "id": 37887, "adm3_psgc": 1630400000.0, "adm4_psgc": 1630400010.0, "barangay": "AUPAGAN" }, "geometry": { "type": "Point", "coordinates": [ 125.559677571058202, 8.878446396238788 ] } },
{ "type": "Feature", "properties": { "_uid0_": 495, "id": 37888, "adm3_psgc": 1630400000.0, "adm4_psgc": 1630400012.0, "barangay": "BAAN KM 3" }, "geometry": { "type": "Point", "coordinates": [ 125.569752796865728, 8.951823366128542 ] } },
{ "type": "Feature", "properties": { "_uid0_": 496, "id": 37891, "adm3_psgc": 1630400000.0, "adm4_psgc": 1630400016.0, "barangay": "BANCASI" }, "geometry": { "type": "Point", "coordinates": [ 125.478489952338876, 8.940071740784717 ] } },
{ "type": "Feature", "properties": { "_uid0_": 497, "id": 37892, "adm3_psgc": 1630400000.0, "adm4_psgc": 1630400017.0, "barangay": "BANZA" }, "geometry": { "type": "Point", "coordinates": [ 125.550454592336237, 8.975745048797981 ] } },
{ "type": "Feature", "properties": { "_uid0_": 498, "id": 37894, "adm3_psgc": 1630400000.0, "adm4_psgc": 1630400019.0, "barangay": "BASAG" }, "geometry": { "type": "Point", "coordinates": [ 125.612028193331057, 8.930301789959403 ] } },
{ "type": "Feature", "properties": { "_uid0_": 499, "id": 37896, "adm3_psgc": 1630400000.0, "adm4_psgc": 1630400021.0, "barangay": "BILAY" }, "geometry": { "type": "Point", "coordinates": [ 125.583538892807852, 8.846663620838333 ] } },
{ "type": "Feature", "properties": { "_uid0_": 500, "id": 37900, "adm3_psgc": 1630400000.0, "adm4_psgc": 1630400025.0, "barangay": "BONBON" }, "geometry": { "type": "Point", "coordinates": [ 125.506275394840983, 8.918450399293036 ] } },
{ "type": "Feature", "properties": { "_uid0_": 501, "id": 37909, "adm3_psgc": 1630400000.0, "adm4_psgc": 1630400039.0, "barangay": "DOONGAN" }, "geometry": { "type": "Point", "coordinates": [ 125.522424028059405, 8.959997417783537 ] } },
{ "type": "Feature", "properties": { "_uid0_": 502, "id": 37910, "adm3_psgc": 1630400000.0, "adm4_psgc": 1630400040.0, "barangay": "DUMALAGAN" }, "geometry": { "type": "Point", "coordinates": [ 125.46600731364228, 8.933709554979044 ] } },
{ "type": "Feature", "properties": { "_uid0_": 503, "id": 37901, "adm3_psgc": 1630400000.0, "adm4_psgc": 1630400026.0, "barangay": "BUGABUS" }, "geometry": { "type": "Point", "coordinates": [ 125.568084462271017, 8.813402165320444 ] } },
{ "type": "Feature", "properties": { "_uid0_": 504, "id": 37902, "adm3_psgc": 1630400000.0, "adm4_psgc": 1630400027.0, "barangay": "BUHANGIN POB." }, "geometry": { "type": "Point", "coordinates": [ 125.550132852270096, 8.942994466208585 ] } },
{ "type": "Feature", "properties": { "_uid0_": 505, "id": 37903, "adm3_psgc": 1630400000.0, "adm4_psgc": 1630400029.0, "barangay": "CABCABON" }, "geometry": { "type": "Point", "coordinates": [ 125.582507035421898, 8.992007939006054 ] } },
{ "type": "Feature", "properties": { "_uid0_": 506, "id": 37904, "adm3_psgc": 1630400000.0, "adm4_psgc": 1630400031.0, "barangay": "CAMAYAHAN" }, "geometry": { "type": "Point", "coordinates": [ 125.61949410612219, 8.888935022401311 ] } },
{ "type": "Feature", "properties": { "_uid0_": 507, "id": 37916, "adm3_psgc": 1630400000.0, "adm4_psgc": 1630400049.0, "barangay": "KINAMLUTAN" }, "geometry": { "type": "Point", "coordinates": [ 125.527107880901042, 8.908475643589474 ] } },
{ "type": "Feature", "properties": { "_uid0_": 508, "id": 37920, "adm3_psgc": 1630400000.0, "adm4_psgc": 1630400054.0, "barangay": "LIBERTAD" }, "geometry": { "type": "Point", "coordinates": [ 125.50010407678073, 8.941291299868544 ] } },
{ "type": "Feature", "properties": { "_uid0_": 509, "id": 37949, "adm3_psgc": 1630400000.0, "adm4_psgc": 1630400086.0, "barangay": "TINIWISAN" }, "geometry": { "type": "Point", "coordinates": [ 125.58081545749863, 8.97209467345164 ] } },
{ "type": "Feature", "properties": { "_uid0_": 510, "id": 37924, "adm3_psgc": 1630400000.0, "adm4_psgc": 1630400060.0, "barangay": "MAGUINDA" }, "geometry": { "type": "Point", "coordinates": [ 125.600830943598666, 8.813193054188082 ] } },
{ "type": "Feature", "properties": { "_uid0_": 511, "id": 37925, "adm3_psgc": 1630400000.0, "adm4_psgc": 1630400061.0, "barangay": "MAHAY" }, "geometry": { "type": "Point", "coordinates": [ 125.565787187822352, 8.93089108931971 ] } },
{ "type": "Feature", "properties": { "_uid0_": 512, "id": 37936, "adm3_psgc": 1630400000.0, "adm4_psgc": 1630400072.0, "barangay": "PIANING" }, "geometry": { "type": "Point", "coordinates": [ 125.672435124092061, 8.971534250918857 ] } },
{ "type": "Feature", "properties": { "_uid0_": 513, "id": 37937, "adm3_psgc": 1630400000.0, "adm4_psgc": 1630400073.0, "barangay": "PINAMANCULAN" }, "geometry": { "type": "Point", "coordinates": [ 125.481013220460056, 8.968059298645761 ] } },
{ "type": "Feature", "properties": { "_uid0_": 514, "id": 37931, "adm3_psgc": 1630400000.0, "adm4_psgc": 1630400067.0, "barangay": "MASAO" }, "geometry": { "type": "Point", "coordinates": [ 125.488827783034694, 8.991646027668603 ] } },
{ "type": "Feature", "properties": { "_uid0_": 515, "id": 37933, "adm3_psgc": 1630400000.0, "adm4_psgc": 1630400069.0, "barangay": "PORT POYOHON POB." }, "geometry": { "type": "Point", "coordinates": [ 125.539650075203042, 8.96045017142232 ] } },
{ "type": "Feature", "properties": { "_uid0_": 516, "id": 37940, "adm3_psgc": 1630400000.0, "adm4_psgc": 1630400076.0, "barangay": "SAN MATEO" }, "geometry": { "type": "Point", "coordinates": [ 125.537521616608515, 8.778195498755681 ] } },
{ "type": "Feature", "properties": { "_uid0_": 517, "id": 37941, "adm3_psgc": 1630400000.0, "adm4_psgc": 1630400077.0, "barangay": "SAN VICENTE" }, "geometry": { "type": "Point", "coordinates": [ 125.548456011636588, 8.909893160291817 ] } },
{ "type": "Feature", "properties": { "_uid0_": 518, "id": 37952, "adm3_psgc": 1630400000.0, "adm4_psgc": 1630400090.0, "barangay": "VILLA KANANGA" }, "geometry": { "type": "Point", "coordinates": [ 125.535173503378729, 8.927878409231887 ] } },
{ "type": "Feature", "properties": { "_uid0_": 519, "id": 37954, "adm3_psgc": 1630400000.0, "adm4_psgc": 1630400092.0, "barangay": "BUGSUKAN" }, "geometry": { "type": "Point", "coordinates": [ 125.654266248921829, 8.949908426674209 ] } },
{ "type": "Feature", "properties": { "_uid0_": 520, "id": 37955, "adm3_psgc": 1630400000.0, "adm4_psgc": 1630400093.0, "barangay": "DE ORO" }, "geometry": { "type": "Point", "coordinates": [ 125.639569005465304, 8.917164112172513 ] } },
{ "type": "Feature", "properties": { "_uid0_": 521, "id": 37957, "adm3_psgc": 1630400000.0, "adm4_psgc": 1630400095.0, "barangay": "FLORIDA" }, "geometry": { "type": "Point", "coordinates": [ 125.624641989390739, 8.786925037999374 ] } },
{ "type": "Feature", "properties": { "_uid0_": 522, "id": 37958, "adm3_psgc": 1630400000.0, "adm4_psgc": 1630400096.0, "barangay": "NONG-NONG" }, "geometry": { "type": "Point", "coordinates": [ 125.484370115442445, 8.870099603976787 ] } },
{ "type": "Feature", "properties": { "_uid0_": 523, "id": 37959, "adm3_psgc": 1630400000.0, "adm4_psgc": 1630400097.0, "barangay": "PAGATPATAN" }, "geometry": { "type": "Point", "coordinates": [ 125.522524058107749, 8.993450000348696 ] } },
{ "type": "Feature", "properties": { "_uid0_": 524, "id": 37960, "adm3_psgc": 1630400000.0, "adm4_psgc": 1630400098.0, "barangay": "PANGABUGAN" }, "geometry": { "type": "Point", "coordinates": [ 125.549386040456241, 8.929006439670196 ] } },
{ "type": "Feature", "properties": { "_uid0_": 525, "id": 37961, "adm3_psgc": 1630400000.0, "adm4_psgc": 1630400099.0, "barangay": "SALVACION" }, "geometry": { "type": "Point", "coordinates": [ 125.596276166030862, 8.876261271144966 ] } },
{ "type": "Feature", "properties": { "_uid0_": 526, "id": 37962, "adm3_psgc": 1630400000.0, "adm4_psgc": 1630400100.0, "barangay": "SANTO NIÑO" }, "geometry": { "type": "Point", "coordinates": [ 125.61861142768845, 9.035954752924674 ] } },
{ "type": "Feature", "properties": { "_uid0_": 527, "id": 37963, "adm3_psgc": 1630400000.0, "adm4_psgc": 1630400101.0, "barangay": "SUMILE" }, "geometry": { "type": "Point", "coordinates": [ 125.63274735402959, 8.827347174586603 ] } },
{ "type": "Feature", "properties": { "_uid0_": 528, "id": 37964, "adm3_psgc": 1630400000.0, "adm4_psgc": 1630400102.0, "barangay": "DON FRANCISCO" }, "geometry": { "type": "Point", "coordinates": [ 125.588607777000206, 8.864139217106729 ] } },
{ "type": "Feature", "properties": { "_uid0_": 529, "id": 37965, "adm3_psgc": 1630400000.0, "adm4_psgc": 1630400103.0, "barangay": "PIGDAULAN" }, "geometry": { "type": "Point", "coordinates": [ 125.591064886834275, 8.904989572935364 ] } },
{ "type": "Feature", "properties": { "_uid0_": 530, "id": 37194, "adm3_psgc": 1606707000.0, "adm4_psgc": 1606707018.0, "barangay": "BARANGAY 3" }, "geometry": { "type": "Point", "coordinates": [ 126.054160196067926, 9.761770553020636 ] } },
{ "type": "Feature", "properties": { "_uid0_": 531, "id": 37726, "adm3_psgc": 1606817000.0, "adm4_psgc": 1606817018.0, "barangay": "SANTA MARIA" }, "geometry": { "type": "Point", "coordinates": [ 126.205629932555553, 8.373395398413882 ] } },
{ "type": "Feature", "properties": { "_uid0_": 532, "id": 37728, "adm3_psgc": 1606817000.0, "adm4_psgc": 1606817020.0, "barangay": "SORIANO" }, "geometry": { "type": "Point", "coordinates": [ 126.096620749243883, 8.437683656942042 ] } },
{ "type": "Feature", "properties": { "_uid0_": 533, "id": 37306, "adm3_psgc": 1606716000.0, "adm4_psgc": 1606716014.0, "barangay": "DAYAOHAY" }, "geometry": { "type": "Point", "coordinates": [ 126.091841729305997, 9.871971269448608 ] } },
{ "type": "Feature", "properties": { "_uid0_": 534, "id": 37875, "adm3_psgc": 1608507000.0, "adm4_psgc": 1608507005.0, "barangay": "DIAZ" }, "geometry": { "type": "Point", "coordinates": [ 125.601324858704132, 10.283681836469764 ] } },
{ "type": "Feature", "properties": { "_uid0_": 535, "id": 37421, "adm3_psgc": 1606724000.0, "adm4_psgc": 1606724029.0, "barangay": "MANYAGAO" }, "geometry": { "type": "Point", "coordinates": [ 125.631597101306951, 9.755147574910296 ] } },
{ "type": "Feature", "properties": { "_uid0_": 536, "id": 37509, "adm3_psgc": 1606803000.0, "adm4_psgc": 1606803012.0, "barangay": "POBLACION" }, "geometry": { "type": "Point", "coordinates": [ 126.313830802303983, 8.200521475603615 ] } },
{ "type": "Feature", "properties": { "_uid0_": 537, "id": 37523, "adm3_psgc": 1606804000.0, "adm4_psgc": 1606804001.0, "barangay": "ARAS-ASAN" }, "geometry": { "type": "Point", "coordinates": [ 126.311144454272295, 8.894344974721168 ] } },
{ "type": "Feature", "properties": { "_uid0_": 538, "id": 37622, "adm3_psgc": 1606811000.0, "adm4_psgc": 1606811001.0, "barangay": "ANIBONGAN" }, "geometry": { "type": "Point", "coordinates": [ 126.092507796102439, 8.582836154181456 ] } },
{ "type": "Feature", "properties": { "_uid0_": 539, "id": 37785, "adm3_psgc": 1608501000.0, "adm4_psgc": 1608501007.0, "barangay": "FERDINAND" }, "geometry": { "type": "Point", "coordinates": [ 125.593869451817284, 10.067327482414663 ] } },
{ "type": "Feature", "properties": { "_uid0_": 540, "id": 37786, "adm3_psgc": 1608501000.0, "adm4_psgc": 1608501008.0, "barangay": "GEOTINA" }, "geometry": { "type": "Point", "coordinates": [ 125.59407815978841, 10.087024355146346 ] } },
{ "type": "Feature", "properties": { "_uid0_": 541, "id": 37576, "adm3_psgc": 1606808000.0, "adm4_psgc": 1606808004.0, "barangay": "MABAHIN" }, "geometry": { "type": "Point", "coordinates": [ 126.140575955711157, 9.18907668169871 ] } },
{ "type": "Feature", "properties": { "_uid0_": 542, "id": 37805, "adm3_psgc": 1608501000.0, "adm4_psgc": 1608501027.0, "barangay": "VILLA ECLEO" }, "geometry": { "type": "Point", "coordinates": [ 125.577926839241513, 10.1124823988074 ] } },
{ "type": "Feature", "properties": { "_uid0_": 543, "id": 37648, "adm3_psgc": 1606812000.0, "adm4_psgc": 1606812014.0, "barangay": "SALVACION" }, "geometry": { "type": "Point", "coordinates": [ 126.41755698158012, 8.110679198054047 ] } },
{ "type": "Feature", "properties": { "_uid0_": 544, "id": 37649, "adm3_psgc": 1606812000.0, "adm4_psgc": 1606812015.0, "barangay": "SAN ROQUE" }, "geometry": { "type": "Point", "coordinates": [ 126.362967576207069, 7.927605526390613 ] } },
{ "type": "Feature", "properties": { "_uid0_": 545, "id": 37650, "adm3_psgc": 1606812000.0, "adm4_psgc": 1606812016.0, "barangay": "TAGPOPORAN" }, "geometry": { "type": "Point", "coordinates": [ 126.401268902723857, 8.134462696490251 ] } },
{ "type": "Feature", "properties": { "_uid0_": 546, "id": 37812, "adm3_psgc": 1608502000.0, "adm4_psgc": 1608502006.0, "barangay": "MA-ATAS" }, "geometry": { "type": "Point", "coordinates": [ 125.63513252973668, 9.939848498741771 ] } },
{ "type": "Feature", "properties": { "_uid0_": 547, "id": 37813, "adm3_psgc": 1608502000.0, "adm4_psgc": 1608502007.0, "barangay": "NUEVA ESTRELLA" }, "geometry": { "type": "Point", "coordinates": [ 125.657676175241861, 9.970309005756334 ] } },
{ "type": "Feature", "properties": { "_uid0_": 548, "id": 36672, "adm3_psgc": 1600201000.0, "adm4_psgc": 1600201021.0, "barangay": "POBLACION 9" }, "geometry": { "type": "Point", "coordinates": [ 125.406575709562574, 8.980872539533166 ] } },
{ "type": "Feature", "properties": { "_uid0_": 549, "id": 36671, "adm3_psgc": 1600201000.0, "adm4_psgc": 1600201020.0, "barangay": "POBLACION 8" }, "geometry": { "type": "Point", "coordinates": [ 125.412206745194098, 8.978181631592269 ] } },
{ "type": "Feature", "properties": { "_uid0_": 550, "id": 36679, "adm3_psgc": 1600201000.0, "adm4_psgc": 1600201028.0, "barangay": "SIMBALAN" }, "geometry": { "type": "Point", "coordinates": [ 125.382885847010158, 8.782526989613046 ] } },
{ "type": "Feature", "properties": { "_uid0_": 551, "id": 36692, "adm3_psgc": 1600203000.0, "adm4_psgc": 1600203018.0, "barangay": "LA UNION" }, "geometry": { "type": "Point", "coordinates": [ 125.546106000977503, 9.082583555951903 ] } },
{ "type": "Feature", "properties": { "_uid0_": 552, "id": 36676, "adm3_psgc": 1600201000.0, "adm4_psgc": 1600201025.0, "barangay": "SANGAY" }, "geometry": { "type": "Point", "coordinates": [ 125.367093371097297, 8.845895979034132 ] } },
{ "type": "Feature", "properties": { "_uid0_": 553, "id": 36699, "adm3_psgc": 1600203000.0, "adm4_psgc": 1600203026.0, "barangay": "POBLACION 3" }, "geometry": { "type": "Point", "coordinates": [ 125.529736682155928, 9.123347415662126 ] } },
{ "type": "Feature", "properties": { "_uid0_": 554, "id": 36677, "adm3_psgc": 1600201000.0, "adm4_psgc": 1600201026.0, "barangay": "TALO-AO" }, "geometry": { "type": "Point", "coordinates": [ 125.428462049323159, 8.953319742408457 ] } },
{ "type": "Feature", "properties": { "_uid0_": 555, "id": 36751, "adm3_psgc": 1600207000.0, "adm4_psgc": 1600207007.0, "barangay": "MANINGALAO" }, "geometry": { "type": "Point", "coordinates": [ 125.555970045909234, 8.719441475557666 ] } },
{ "type": "Feature", "properties": { "_uid0_": 556, "id": 36689, "adm3_psgc": 1600203000.0, "adm4_psgc": 1600203014.0, "barangay": "DEL PILAR" }, "geometry": { "type": "Point", "coordinates": [ 125.669933830139584, 9.174160977084098 ] } },
{ "type": "Feature", "properties": { "_uid0_": 557, "id": 36664, "adm3_psgc": 1600201000.0, "adm4_psgc": 1600201013.0, "barangay": "POBLACION 1" }, "geometry": { "type": "Point", "coordinates": [ 125.410135147218014, 8.967095775003431 ] } },
{ "type": "Feature", "properties": { "_uid0_": 558, "id": 36782, "adm3_psgc": 1600209000.0, "adm4_psgc": 1600209011.0, "barangay": "BARANGAY 2" }, "geometry": { "type": "Point", "coordinates": [ 125.344925388309903, 8.988754519535075 ] } },
{ "type": "Feature", "properties": { "_uid0_": 559, "id": 36787, "adm3_psgc": 1600209000.0, "adm4_psgc": 1600209016.0, "barangay": "BARANGAY 7" }, "geometry": { "type": "Point", "coordinates": [ 125.346918328688943, 8.982374909444685 ] } },
{ "type": "Feature", "properties": { "_uid0_": 560, "id": 36665, "adm3_psgc": 1600201000.0, "adm4_psgc": 1600201014.0, "barangay": "POBLACION 2" }, "geometry": { "type": "Point", "coordinates": [ 125.404133042948089, 8.967550620276986 ] } },
{ "type": "Feature", "properties": { "_uid0_": 561, "id": 36660, "adm3_psgc": 1600201000.0, "adm4_psgc": 1600201008.0, "barangay": "MALAPONG" }, "geometry": { "type": "Point", "coordinates": [ 125.428460613290682, 8.93026921781982 ] } },
{ "type": "Feature", "properties": { "_uid0_": 562, "id": 36666, "adm3_psgc": 1600201000.0, "adm4_psgc": 1600201015.0, "barangay": "POBLACION 3" }, "geometry": { "type": "Point", "coordinates": [ 125.411664605846411, 8.973135658350618 ] } },
{ "type": "Feature", "properties": { "_uid0_": 563, "id": 36736, "adm3_psgc": 1600206000.0, "adm4_psgc": 1600206003.0, "barangay": "HINIMBANGAN" }, "geometry": { "type": "Point", "coordinates": [ 125.661923586963908, 9.425096613552313 ] } },
{ "type": "Feature", "properties": { "_uid0_": 564, "id": 36750, "adm3_psgc": 1600207000.0, "adm4_psgc": 1600207006.0, "barangay": "MALICATO" }, "geometry": { "type": "Point", "coordinates": [ 125.615584874451699, 8.736750913034404 ] } },
{ "type": "Feature", "properties": { "_uid0_": 565, "id": 36674, "adm3_psgc": 1600201000.0, "adm4_psgc": 1600201023.0, "barangay": "RIZAL" }, "geometry": { "type": "Point", "coordinates": [ 125.406662196574601, 8.926791014063701 ] } },
{ "type": "Feature", "properties": { "_uid0_": 566, "id": 36701, "adm3_psgc": 1600203000.0, "adm4_psgc": 1600203028.0, "barangay": "POBLACION 5" }, "geometry": { "type": "Point", "coordinates": [ 125.533426517448476, 9.117961211242744 ] } },
{ "type": "Feature", "properties": { "_uid0_": 567, "id": 36704, "adm3_psgc": 1600203000.0, "adm4_psgc": 1600203031.0, "barangay": "POBLACION 8" }, "geometry": { "type": "Point", "coordinates": [ 125.536335316736697, 9.123028779794531 ] } },
{ "type": "Feature", "properties": { "_uid0_": 568, "id": 36713, "adm3_psgc": 1600204000.0, "adm4_psgc": 1600204004.0, "barangay": "MANOLIGAO" }, "geometry": { "type": "Point", "coordinates": [ 125.246377849904491, 8.939475526709765 ] } },
{ "type": "Feature", "properties": { "_uid0_": 569, "id": 36737, "adm3_psgc": 1600206000.0, "adm4_psgc": 1600206004.0, "barangay": "JALIOBONG" }, "geometry": { "type": "Point", "coordinates": [ 125.648569730899041, 9.401382644753324 ] } },
{ "type": "Feature", "properties": { "_uid0_": 570, "id": 36728, "adm3_psgc": 1600205000.0, "adm4_psgc": 1600205010.0, "barangay": "MARAIGING" }, "geometry": { "type": "Point", "coordinates": [ 125.655277598056102, 9.370014502136144 ] } },
{ "type": "Feature", "properties": { "_uid0_": 571, "id": 36756, "adm3_psgc": 1600207000.0, "adm4_psgc": 1600207013.0, "barangay": "SAN ISIDRO" }, "geometry": { "type": "Point", "coordinates": [ 125.630928773768304, 8.725485324736942 ] } },
{ "type": "Feature", "properties": { "_uid0_": 572, "id": 36754, "adm3_psgc": 1600207000.0, "adm4_psgc": 1600207010.0, "barangay": "PINANA-AN" }, "geometry": { "type": "Point", "coordinates": [ 125.60319964310365, 8.715012394781763 ] } },
{ "type": "Feature", "properties": { "_uid0_": 573, "id": 36745, "adm3_psgc": 1600207000.0, "adm4_psgc": 1600207001.0, "barangay": "AMBACON" }, "geometry": { "type": "Point", "coordinates": [ 125.621374275389655, 8.710868309300226 ] } },
{ "type": "Feature", "properties": { "_uid0_": 574, "id": 36759, "adm3_psgc": 1600207000.0, "adm4_psgc": 1600207016.0, "barangay": "EDUARDO G. MONTILLA" }, "geometry": { "type": "Point", "coordinates": [ 125.63792626433009, 8.709929768592914 ] } },
{ "type": "Feature", "properties": { "_uid0_": 575, "id": 36762, "adm3_psgc": 1600207000.0, "adm4_psgc": 1600207019.0, "barangay": "ROSARIO" }, "geometry": { "type": "Point", "coordinates": [ 125.651689498359517, 8.724542229098292 ] } },
{ "type": "Feature", "properties": { "_uid0_": 576, "id": 36780, "adm3_psgc": 1600209000.0, "adm4_psgc": 1600209009.0, "barangay": "KINABJANGAN" }, "geometry": { "type": "Point", "coordinates": [ 125.358424865924903, 8.971182189320709 ] } },
{ "type": "Feature", "properties": { "_uid0_": 577, "id": 36793, "adm3_psgc": 1600210000.0, "adm4_psgc": 1600210003.0, "barangay": "JAGUPIT" }, "geometry": { "type": "Point", "coordinates": [ 125.641828387762942, 9.241405984021457 ] } },
{ "type": "Feature", "properties": { "_uid0_": 578, "id": 36786, "adm3_psgc": 1600209000.0, "adm4_psgc": 1600209015.0, "barangay": "BARANGAY 6" }, "geometry": { "type": "Point", "coordinates": [ 125.34441418334103, 8.985285307975834 ] } },
{ "type": "Feature", "properties": { "_uid0_": 579, "id": 36789, "adm3_psgc": 1600209000.0, "adm4_psgc": 1600209018.0, "barangay": "SANTA ANA" }, "geometry": { "type": "Point", "coordinates": [ 125.327564419507098, 8.983468709128561 ] } },
{ "type": "Feature", "properties": { "_uid0_": 580, "id": 36791, "adm3_psgc": 1600209000.0, "adm4_psgc": 1600209020.0, "barangay": "TRIANGULO" }, "geometry": { "type": "Point", "coordinates": [ 125.348388185537942, 8.974688736728959 ] } },
{ "type": "Feature", "properties": { "_uid0_": 581, "id": 36796, "adm3_psgc": 1600210000.0, "adm4_psgc": 1600210008.0, "barangay": "SAN ISIDRO" }, "geometry": { "type": "Point", "coordinates": [ 125.660883160822436, 9.228157942198274 ] } },
{ "type": "Feature", "properties": { "_uid0_": 582, "id": 36669, "adm3_psgc": 1600201000.0, "adm4_psgc": 1600201018.0, "barangay": "POBLACION 6" }, "geometry": { "type": "Point", "coordinates": [ 125.409989623367395, 8.977197540362924 ] } },
{ "type": "Feature", "properties": { "_uid0_": 583, "id": 36690, "adm3_psgc": 1600203000.0, "adm4_psgc": 1600203016.0, "barangay": "KATUGASAN" }, "geometry": { "type": "Point", "coordinates": [ 125.582883663124818, 9.129508922173247 ] } },
{ "type": "Feature", "properties": { "_uid0_": 584, "id": 36808, "adm3_psgc": 1600211000.0, "adm4_psgc": 1600211008.0, "barangay": "SANTA ANA" }, "geometry": { "type": "Point", "coordinates": [ 125.558413507741321, 9.19037468239237 ] } },
{ "type": "Feature", "properties": { "_uid0_": 585, "id": 36656, "adm3_psgc": 1600201000.0, "adm4_psgc": 1600201002.0, "barangay": "AGONG-ONG" }, "geometry": { "type": "Point", "coordinates": [ 125.389909317525948, 8.962465377436784 ] } },
{ "type": "Feature", "properties": { "_uid0_": 586, "id": 36691, "adm3_psgc": 1600203000.0, "adm4_psgc": 1600203017.0, "barangay": "KAUSWAGAN" }, "geometry": { "type": "Point", "coordinates": [ 125.535765866202851, 9.134751068574639 ] } },
{ "type": "Feature", "properties": { "_uid0_": 587, "id": 36683, "adm3_psgc": 1600203000.0, "adm4_psgc": 1600203007.0, "barangay": "CAASINAN" }, "geometry": { "type": "Point", "coordinates": [ 125.527070348217322, 9.138602969766895 ] } },
{ "type": "Feature", "properties": { "_uid0_": 588, "id": 36687, "adm3_psgc": 1600203000.0, "adm4_psgc": 1600203012.0, "barangay": "COMAGASCAS" }, "geometry": { "type": "Point", "coordinates": [ 125.55688914020584, 9.134143350962249 ] } },
{ "type": "Feature", "properties": { "_uid0_": 589, "id": 36681, "adm3_psgc": 1600203000.0, "adm4_psgc": 1600203005.0, "barangay": "BAY-ANG" }, "geometry": { "type": "Point", "coordinates": [ 125.582107190949017, 9.104319495906843 ] } },
{ "type": "Feature", "properties": { "_uid0_": 590, "id": 36688, "adm3_psgc": 1600203000.0, "adm4_psgc": 1600203013.0, "barangay": "CONCEPCION" }, "geometry": { "type": "Point", "coordinates": [ 125.669178177259795, 9.200993418137491 ] } },
{ "type": "Feature", "properties": { "_uid0_": 591, "id": 36694, "adm3_psgc": 1600203000.0, "adm4_psgc": 1600203021.0, "barangay": "POBLACION 1" }, "geometry": { "type": "Point", "coordinates": [ 125.531519545076009, 9.122719267137379 ] } },
{ "type": "Feature", "properties": { "_uid0_": 592, "id": 36705, "adm3_psgc": 1600203000.0, "adm4_psgc": 1600203032.0, "barangay": "POBLACION 9" }, "geometry": { "type": "Point", "coordinates": [ 125.542881706084302, 9.122599755696864 ] } },
{ "type": "Feature", "properties": { "_uid0_": 593, "id": 36753, "adm3_psgc": 1600207000.0, "adm4_psgc": 1600207009.0, "barangay": "MAT-I" }, "geometry": { "type": "Point", "coordinates": [ 125.5887787168042, 8.71032066015554 ] } },
{ "type": "Feature", "properties": { "_uid0_": 594, "id": 36755, "adm3_psgc": 1600207000.0, "adm4_psgc": 1600207011.0, "barangay": "POBLACION" }, "geometry": { "type": "Point", "coordinates": [ 125.604582571924979, 8.739251358197969 ] } },
{ "type": "Feature", "properties": { "_uid0_": 595, "id": 36697, "adm3_psgc": 1600203000.0, "adm4_psgc": 1600203024.0, "barangay": "POBLACION 12" }, "geometry": { "type": "Point", "coordinates": [ 125.539326467712641, 9.114939720745104 ] } },
{ "type": "Feature", "properties": { "_uid0_": 596, "id": 36738, "adm3_psgc": 1600206000.0, "adm4_psgc": 1600206005.0, "barangay": "MAHAYAHAY" }, "geometry": { "type": "Point", "coordinates": [ 125.606566668289048, 9.433721537100508 ] } },
{ "type": "Feature", "properties": { "_uid0_": 597, "id": 36758, "adm3_psgc": 1600207000.0, "adm4_psgc": 1600207015.0, "barangay": "BALUNGAGAN" }, "geometry": { "type": "Point", "coordinates": [ 125.540270866958977, 8.736518942693751 ] } },
{ "type": "Feature", "properties": { "_uid0_": 598, "id": 36767, "adm3_psgc": 1600208000.0, "adm4_psgc": 1600208003.0, "barangay": "GUIASAN" }, "geometry": { "type": "Point", "coordinates": [ 125.551470424677134, 9.003797867838818 ] } },
{ "type": "Feature", "properties": { "_uid0_": 599, "id": 36706, "adm3_psgc": 1600203000.0, "adm4_psgc": 1600203033.0, "barangay": "PUTING BATO" }, "geometry": { "type": "Point", "coordinates": [ 125.681576081504986, 9.131587472810192 ] } },
{ "type": "Feature", "properties": { "_uid0_": 600, "id": 36707, "adm3_psgc": 1600203000.0, "adm4_psgc": 1600203037.0, "barangay": "SANGHAN" }, "geometry": { "type": "Point", "coordinates": [ 125.569242278893412, 9.079133294319144 ] } },
{ "type": "Feature", "properties": { "_uid0_": 601, "id": 36708, "adm3_psgc": 1600203000.0, "adm4_psgc": 1600203038.0, "barangay": "SORIANO" }, "geometry": { "type": "Point", "coordinates": [ 125.564516048285697, 9.096984461538417 ] } },
{ "type": "Feature", "properties": { "_uid0_": 602, "id": 36710, "adm3_psgc": 1600203000.0, "adm4_psgc": 1600203041.0, "barangay": "MAHABA" }, "geometry": { "type": "Point", "coordinates": [ 125.683645443035147, 9.102148082640872 ] } },
{ "type": "Feature", "properties": { "_uid0_": 603, "id": 36719, "adm3_psgc": 1600205000.0, "adm4_psgc": 1600205001.0, "barangay": "BALEGUIAN" }, "geometry": { "type": "Point", "coordinates": [ 125.640222598050755, 9.356621756469336 ] } },
{ "type": "Feature", "properties": { "_uid0_": 604, "id": 36720, "adm3_psgc": 1600205000.0, "adm4_psgc": 1600205002.0, "barangay": "BANGONAY" }, "geometry": { "type": "Point", "coordinates": [ 125.645131279276214, 9.32379739732205 ] } },
{ "type": "Feature", "properties": { "_uid0_": 605, "id": 36746, "adm3_psgc": 1600207000.0, "adm4_psgc": 1600207002.0, "barangay": "BONIFACIO" }, "geometry": { "type": "Point", "coordinates": [ 125.651237850527224, 8.763518167864097 ] } },
{ "type": "Feature", "properties": { "_uid0_": 606, "id": 36668, "adm3_psgc": 1600201000.0, "adm4_psgc": 1600201017.0, "barangay": "POBLACION 5" }, "geometry": { "type": "Point", "coordinates": [ 125.406099735590786, 8.975659857131415 ] } },
{ "type": "Feature", "properties": { "_uid0_": 607, "id": 36749, "adm3_psgc": 1600207000.0, "adm4_psgc": 1600207005.0, "barangay": "LINGAYAO" }, "geometry": { "type": "Point", "coordinates": [ 125.572611030714356, 8.740713154254468 ] } },
{ "type": "Feature", "properties": { "_uid0_": 608, "id": 36817, "adm3_psgc": 1600212000.0, "adm4_psgc": 1600212004.0, "barangay": "HUMILOG" }, "geometry": { "type": "Point", "coordinates": [ 125.5683074558019, 9.053275198228558 ] } },
{ "type": "Feature", "properties": { "_uid0_": 609, "id": 36657, "adm3_psgc": 1600201000.0, "adm4_psgc": 1600201003.0, "barangay": "ALUBIJID" }, "geometry": { "type": "Point", "coordinates": [ 125.451110379577031, 8.921667537701355 ] } },
{ "type": "Feature", "properties": { "_uid0_": 610, "id": 36658, "adm3_psgc": 1600201000.0, "adm4_psgc": 1600201004.0, "barangay": "GUINABSAN" }, "geometry": { "type": "Point", "coordinates": [ 125.365778332095928, 8.878483746072803 ] } },
{ "type": "Feature", "properties": { "_uid0_": 611, "id": 36659, "adm3_psgc": 1600201000.0, "adm4_psgc": 1600201007.0, "barangay": "MACALANG" }, "geometry": { "type": "Point", "coordinates": [ 125.381243655374675, 8.933169478378831 ] } },
{ "type": "Feature", "properties": { "_uid0_": 612, "id": 36661, "adm3_psgc": 1600201000.0, "adm4_psgc": 1600201009.0, "barangay": "MALPOC" }, "geometry": { "type": "Point", "coordinates": [ 125.406114898123576, 8.951460798498976 ] } },
{ "type": "Feature", "properties": { "_uid0_": 613, "id": 36663, "adm3_psgc": 1600201000.0, "adm4_psgc": 1600201011.0, "barangay": "MATABAO" }, "geometry": { "type": "Point", "coordinates": [ 125.424096576682444, 8.969569737513332 ] } },
{ "type": "Feature", "properties": { "_uid0_": 614, "id": 36673, "adm3_psgc": 1600201000.0, "adm4_psgc": 1600201022.0, "barangay": "POBLACION 10" }, "geometry": { "type": "Point", "coordinates": [ 125.412248531604618, 8.979493629585692 ] } },
{ "type": "Feature", "properties": { "_uid0_": 615, "id": 36777, "adm3_psgc": 1600209000.0, "adm4_psgc": 1600209006.0, "barangay": "CUBI-CUBI" }, "geometry": { "type": "Point", "coordinates": [ 125.381395206795673, 8.97034622106087 ] } },
{ "type": "Feature", "properties": { "_uid0_": 616, "id": 36675, "adm3_psgc": 1600201000.0, "adm4_psgc": 1600201024.0, "barangay": "SACOL" }, "geometry": { "type": "Point", "coordinates": [ 125.396977505135155, 8.97742227285171 ] } },
{ "type": "Feature", "properties": { "_uid0_": 617, "id": 36778, "adm3_psgc": 1600209000.0, "adm4_psgc": 1600209007.0, "barangay": "CULIT" }, "geometry": { "type": "Point", "coordinates": [ 125.355724248787396, 8.942998296670808 ] } },
{ "type": "Feature", "properties": { "_uid0_": 618, "id": 36684, "adm3_psgc": 1600203000.0, "adm4_psgc": 1600203009.0, "barangay": "CABINET" }, "geometry": { "type": "Point", "coordinates": [ 125.525761257818701, 9.125516882415631 ] } },
{ "type": "Feature", "properties": { "_uid0_": 619, "id": 36686, "adm3_psgc": 1600203000.0, "adm4_psgc": 1600203011.0, "barangay": "CALIBUNAN" }, "geometry": { "type": "Point", "coordinates": [ 125.538502421859874, 9.104088857691497 ] } },
{ "type": "Feature", "properties": { "_uid0_": 620, "id": 36693, "adm3_psgc": 1600203000.0, "adm4_psgc": 1600203019.0, "barangay": "MABINI" }, "geometry": { "type": "Point", "coordinates": [ 125.559457828730487, 9.113930272717967 ] } },
{ "type": "Feature", "properties": { "_uid0_": 621, "id": 36695, "adm3_psgc": 1600203000.0, "adm4_psgc": 1600203022.0, "barangay": "POBLACION 10" }, "geometry": { "type": "Point", "coordinates": [ 125.537114416785371, 9.120695716619885 ] } },
{ "type": "Feature", "properties": { "_uid0_": 622, "id": 36700, "adm3_psgc": 1600203000.0, "adm4_psgc": 1600203027.0, "barangay": "POBLACION 4" }, "geometry": { "type": "Point", "coordinates": [ 125.531891751166199, 9.117826711672091 ] } },
{ "type": "Feature", "properties": { "_uid0_": 623, "id": 36702, "adm3_psgc": 1600203000.0, "adm4_psgc": 1600203029.0, "barangay": "POBLACION 6" }, "geometry": { "type": "Point", "coordinates": [ 125.534294896398336, 9.125484577602052 ] } },
{ "type": "Feature", "properties": { "_uid0_": 624, "id": 36779, "adm3_psgc": 1600209000.0, "adm4_psgc": 1600209008.0, "barangay": "JAGUIMITAN" }, "geometry": { "type": "Point", "coordinates": [ 125.348683728667623, 8.899253075505909 ] } },
{ "type": "Feature", "properties": { "_uid0_": 625, "id": 36709, "adm3_psgc": 1600203000.0, "adm4_psgc": 1600203040.0, "barangay": "TOLOSA" }, "geometry": { "type": "Point", "coordinates": [ 125.527360691297147, 9.11759727091564 ] } },
{ "type": "Feature", "properties": { "_uid0_": 626, "id": 36715, "adm3_psgc": 1600204000.0, "adm4_psgc": 1600204010.0, "barangay": "ROJALES" }, "geometry": { "type": "Point", "coordinates": [ 125.271052753423589, 8.981170384811305 ] } },
{ "type": "Feature", "properties": { "_uid0_": 627, "id": 36722, "adm3_psgc": 1600205000.0, "adm4_psgc": 1600205004.0, "barangay": "BUNGA" }, "geometry": { "type": "Point", "coordinates": [ 125.484390236885204, 9.427001444110976 ] } },
{ "type": "Feature", "properties": { "_uid0_": 628, "id": 36818, "adm3_psgc": 1600212000.0, "adm4_psgc": 1600212005.0, "barangay": "PANAYTAYON" }, "geometry": { "type": "Point", "coordinates": [ 125.57208181974778, 9.039129639691245 ] } },
{ "type": "Feature", "properties": { "_uid0_": 629, "id": 36724, "adm3_psgc": 1600205000.0, "adm4_psgc": 1600205006.0, "barangay": "CUYAGO" }, "geometry": { "type": "Point", "coordinates": [ 125.63716841145046, 9.342238527552574 ] } },
{ "type": "Feature", "properties": { "_uid0_": 630, "id": 36725, "adm3_psgc": 1600205000.0, "adm4_psgc": 1600205007.0, "barangay": "LIBAS" }, "geometry": { "type": "Point", "coordinates": [ 125.649555940325186, 9.30457133343864 ] } },
{ "type": "Feature", "properties": { "_uid0_": 631, "id": 36729, "adm3_psgc": 1600205000.0, "adm4_psgc": 1600205011.0, "barangay": "POBLACION" }, "geometry": { "type": "Point", "coordinates": [ 125.512620311047627, 9.337441146316328 ] } },
{ "type": "Feature", "properties": { "_uid0_": 632, "id": 36734, "adm3_psgc": 1600206000.0, "adm4_psgc": 1600206001.0, "barangay": "BANGAYAN" }, "geometry": { "type": "Point", "coordinates": [ 125.649614940129183, 9.386206638730471 ] } },
{ "type": "Feature", "properties": { "_uid0_": 633, "id": 36735, "adm3_psgc": 1600206000.0, "adm4_psgc": 1600206002.0, "barangay": "CANAWAY" }, "geometry": { "type": "Point", "coordinates": [ 125.557827822245201, 9.408157264610074 ] } },
{ "type": "Feature", "properties": { "_uid0_": 634, "id": 36739, "adm3_psgc": 1600206000.0, "adm4_psgc": 1600206006.0, "barangay": "POBLACION" }, "geometry": { "type": "Point", "coordinates": [ 125.592369476484166, 9.452711249663283 ] } },
{ "type": "Feature", "properties": { "_uid0_": 635, "id": 36741, "adm3_psgc": 1600206000.0, "adm4_psgc": 1600206008.0, "barangay": "SAN ROQUE" }, "geometry": { "type": "Point", "coordinates": [ 125.566403530355487, 9.425441261545393 ] } },
{ "type": "Feature", "properties": { "_uid0_": 636, "id": 36743, "adm3_psgc": 1600206000.0, "adm4_psgc": 1600206010.0, "barangay": "CROSSING" }, "geometry": { "type": "Point", "coordinates": [ 125.563302940119684, 9.44636674715511 ] } },
{ "type": "Feature", "properties": { "_uid0_": 637, "id": 36744, "adm3_psgc": 1600206000.0, "adm4_psgc": 1600206011.0, "barangay": "SONGKOY" }, "geometry": { "type": "Point", "coordinates": [ 125.564498664063507, 9.458988628608383 ] } },
{ "type": "Feature", "properties": { "_uid0_": 638, "id": 36747, "adm3_psgc": 1600207000.0, "adm4_psgc": 1600207003.0, "barangay": "CONSORCIA" }, "geometry": { "type": "Point", "coordinates": [ 125.550188352621788, 8.703765703507289 ] } },
{ "type": "Feature", "properties": { "_uid0_": 639, "id": 36752, "adm3_psgc": 1600207000.0, "adm4_psgc": 1600207008.0, "barangay": "MARCOS CALO" }, "geometry": { "type": "Point", "coordinates": [ 125.661843624083986, 8.742283444557797 ] } },
{ "type": "Feature", "properties": { "_uid0_": 640, "id": 36764, "adm3_psgc": 1600207000.0, "adm4_psgc": 1600207021.0, "barangay": "CASIKLAN" }, "geometry": { "type": "Point", "coordinates": [ 125.354394290228853, 8.74862276024828 ] } },
{ "type": "Feature", "properties": { "_uid0_": 641, "id": 36765, "adm3_psgc": 1600208000.0, "adm4_psgc": 1600208001.0, "barangay": "BUHANG" }, "geometry": { "type": "Point", "coordinates": [ 125.527053708058119, 9.032770652897069 ] } },
{ "type": "Feature", "properties": { "_uid0_": 642, "id": 36766, "adm3_psgc": 1600208000.0, "adm4_psgc": 1600208002.0, "barangay": "CALOC-AN" }, "geometry": { "type": "Point", "coordinates": [ 125.54430685636278, 9.048260146812893 ] } },
{ "type": "Feature", "properties": { "_uid0_": 643, "id": 36768, "adm3_psgc": 1600208000.0, "adm4_psgc": 1600208005.0, "barangay": "POBLACION" }, "geometry": { "type": "Point", "coordinates": [ 125.528612606741675, 9.011928466558043 ] } },
{ "type": "Feature", "properties": { "_uid0_": 644, "id": 36769, "adm3_psgc": 1600208000.0, "adm4_psgc": 1600208008.0, "barangay": "TAOD-OY" }, "geometry": { "type": "Point", "coordinates": [ 125.553406746739753, 9.021887437579833 ] } },
{ "type": "Feature", "properties": { "_uid0_": 645, "id": 36770, "adm3_psgc": 1600208000.0, "adm4_psgc": 1600208009.0, "barangay": "MARCOS" }, "geometry": { "type": "Point", "coordinates": [ 125.518639323646752, 9.025509823619721 ] } },
{ "type": "Feature", "properties": { "_uid0_": 646, "id": 36771, "adm3_psgc": 1600208000.0, "adm4_psgc": 1600208010.0, "barangay": "SANTO NIÑO" }, "geometry": { "type": "Point", "coordinates": [ 125.516983423986744, 9.033102955920025 ] } },
{ "type": "Feature", "properties": { "_uid0_": 647, "id": 36772, "adm3_psgc": 1600208000.0, "adm4_psgc": 1600208011.0, "barangay": "SANTO ROSARIO" }, "geometry": { "type": "Point", "coordinates": [ 125.516302799424309, 9.022825790158619 ] } },
{ "type": "Feature", "properties": { "_uid0_": 648, "id": 36773, "adm3_psgc": 1600209000.0, "adm4_psgc": 1600209001.0, "barangay": "ACLAN" }, "geometry": { "type": "Point", "coordinates": [ 125.307915441687001, 8.980982889493852 ] } },
{ "type": "Feature", "properties": { "_uid0_": 649, "id": 36774, "adm3_psgc": 1600209000.0, "adm4_psgc": 1600209002.0, "barangay": "AMONTAY" }, "geometry": { "type": "Point", "coordinates": [ 125.309091206940352, 8.913327906994708 ] } },
{ "type": "Feature", "properties": { "_uid0_": 650, "id": 36775, "adm3_psgc": 1600209000.0, "adm4_psgc": 1600209004.0, "barangay": "ATA-ATAHON" }, "geometry": { "type": "Point", "coordinates": [ 125.369721575719637, 8.974196413138536 ] } },
{ "type": "Feature", "properties": { "_uid0_": 651, "id": 36776, "adm3_psgc": 1600209000.0, "adm4_psgc": 1600209005.0, "barangay": "CAMAGONG" }, "geometry": { "type": "Point", "coordinates": [ 125.330268928737169, 8.922176373411581 ] } },
{ "type": "Feature", "properties": { "_uid0_": 652, "id": 36781, "adm3_psgc": 1600209000.0, "adm4_psgc": 1600209010.0, "barangay": "BARANGAY 1" }, "geometry": { "type": "Point", "coordinates": [ 125.342860579703753, 8.989850828135898 ] } },
{ "type": "Feature", "properties": { "_uid0_": 653, "id": 36783, "adm3_psgc": 1600209000.0, "adm4_psgc": 1600209012.0, "barangay": "BARANGAY 3" }, "geometry": { "type": "Point", "coordinates": [ 125.343749933465347, 8.987265276967916 ] } },
{ "type": "Feature", "properties": { "_uid0_": 654, "id": 36784, "adm3_psgc": 1600209000.0, "adm4_psgc": 1600209013.0, "barangay": "BARANGAY 4" }, "geometry": { "type": "Point", "coordinates": [ 125.340391191826868, 8.988032948669897 ] } },
{ "type": "Feature", "properties": { "_uid0_": 655, "id": 36785, "adm3_psgc": 1600209000.0, "adm4_psgc": 1600209014.0, "barangay": "BARANGAY 5" }, "geometry": { "type": "Point", "coordinates": [ 125.339155721697665, 8.985631937647849 ] } },
{ "type": "Feature", "properties": { "_uid0_": 656, "id": 36788, "adm3_psgc": 1600209000.0, "adm4_psgc": 1600209017.0, "barangay": "PUNTA" }, "geometry": { "type": "Point", "coordinates": [ 125.353506192014933, 8.986794121702475 ] } },
{ "type": "Feature", "properties": { "_uid0_": 657, "id": 36790, "adm3_psgc": 1600209000.0, "adm4_psgc": 1600209019.0, "barangay": "TALISAY" }, "geometry": { "type": "Point", "coordinates": [ 125.339392532563025, 8.979513043257734 ] } },
{ "type": "Feature", "properties": { "_uid0_": 658, "id": 36792, "adm3_psgc": 1600210000.0, "adm4_psgc": 1600210002.0, "barangay": "CURVA" }, "geometry": { "type": "Point", "coordinates": [ 125.641496540214163, 9.252470033169605 ] } },
{ "type": "Feature", "properties": { "_uid0_": 659, "id": 36795, "adm3_psgc": 1600210000.0, "adm4_psgc": 1600210007.0, "barangay": "POBLACION I" }, "geometry": { "type": "Point", "coordinates": [ 125.678364217176181, 9.269112665639865 ] } },
{ "type": "Feature", "properties": { "_uid0_": 660, "id": 36797, "adm3_psgc": 1600210000.0, "adm4_psgc": 1600210009.0, "barangay": "TAGBUYACAN" }, "geometry": { "type": "Point", "coordinates": [ 125.571812996308566, 9.286702980393954 ] } },
{ "type": "Feature", "properties": { "_uid0_": 661, "id": 36798, "adm3_psgc": 1600210000.0, "adm4_psgc": 1600210010.0, "barangay": "ESTANISLAO MORGADO" }, "geometry": { "type": "Point", "coordinates": [ 125.533100527621698, 9.287831686874977 ] } },
{ "type": "Feature", "properties": { "_uid0_": 662, "id": 36821, "adm3_psgc": 1600212000.0, "adm4_psgc": 1600212008.0, "barangay": "POBLACION II" }, "geometry": { "type": "Point", "coordinates": [ 125.592963214634423, 9.053761273103532 ] } },
{ "type": "Feature", "properties": { "_uid0_": 663, "id": 36799, "adm3_psgc": 1600210000.0, "adm4_psgc": 1600210011.0, "barangay": "POBLACION II" }, "geometry": { "type": "Point", "coordinates": [ 125.569160797553508, 9.270245817094629 ] } },
{ "type": "Feature", "properties": { "_uid0_": 664, "id": 36800, "adm3_psgc": 1600210000.0, "adm4_psgc": 1600210012.0, "barangay": "PANGAYLAN-IP" }, "geometry": { "type": "Point", "coordinates": [ 125.667728952015864, 9.283209324924806 ] } },
{ "type": "Feature", "properties": { "_uid0_": 665, "id": 36802, "adm3_psgc": 1600211000.0, "adm4_psgc": 1600211002.0, "barangay": "CABAYAWA" }, "geometry": { "type": "Point", "coordinates": [ 125.53167790774053, 9.147583998794881 ] } },
{ "type": "Feature", "properties": { "_uid0_": 666, "id": 36806, "adm3_psgc": 1600211000.0, "adm4_psgc": 1600211006.0, "barangay": "POBLACION 1" }, "geometry": { "type": "Point", "coordinates": [ 125.536237393940937, 9.158398167965785 ] } },
{ "type": "Feature", "properties": { "_uid0_": 667, "id": 36807, "adm3_psgc": 1600211000.0, "adm4_psgc": 1600211007.0, "barangay": "POBLACION 2" }, "geometry": { "type": "Point", "coordinates": [ 125.535865685012766, 9.168796014133685 ] } },
{ "type": "Feature", "properties": { "_uid0_": 668, "id": 36814, "adm3_psgc": 1600212000.0, "adm4_psgc": 1600212001.0, "barangay": "POBLACION I" }, "geometry": { "type": "Point", "coordinates": [ 125.583752276016327, 9.053328402979131 ] } },
{ "type": "Feature", "properties": { "_uid0_": 669, "id": 36815, "adm3_psgc": 1600212000.0, "adm4_psgc": 1600212002.0, "barangay": "BALANGBALANG" }, "geometry": { "type": "Point", "coordinates": [ 125.618805587443589, 9.056936632920387 ] } },
{ "type": "Feature", "properties": { "_uid0_": 670, "id": 36816, "adm3_psgc": 1600212000.0, "adm4_psgc": 1600212003.0, "barangay": "BASILISA" }, "geometry": { "type": "Point", "coordinates": [ 125.584025694848592, 9.066755423450383 ] } },
{ "type": "Feature", "properties": { "_uid0_": 671, "id": 37906, "adm3_psgc": 1630400000.0, "adm4_psgc": 1630400036.0, "barangay": "DANKIAS" }, "geometry": { "type": "Point", "coordinates": [ 125.574851838376759, 8.756975225452262 ] } },
{ "type": "Feature", "properties": { "_uid0_": 672, "id": 37907, "adm3_psgc": 1630400000.0, "adm4_psgc": 1630400037.0, "barangay": "IMADEJAS POB." }, "geometry": { "type": "Point", "coordinates": [ 125.529955473712761, 8.943248937516806 ] } },
{ "type": "Feature", "properties": { "_uid0_": 673, "id": 37230, "adm3_psgc": 1606710000.0, "adm4_psgc": 1606710005.0, "barangay": "CORAZON" }, "geometry": { "type": "Point", "coordinates": [ 126.117599802844424, 9.80748723766005 ] } },
{ "type": "Feature", "properties": { "_uid0_": 674, "id": 37814, "adm3_psgc": 1608502000.0, "adm4_psgc": 1608502008.0, "barangay": "POBLACION" }, "geometry": { "type": "Point", "coordinates": [ 125.677232477531959, 9.912531887705137 ] } },
{ "type": "Feature", "properties": { "_uid0_": 675, "id": 37727, "adm3_psgc": 1606817000.0, "adm4_psgc": 1606817019.0, "barangay": "SAYON" }, "geometry": { "type": "Point", "coordinates": [ 126.138642947962765, 8.45373678898911 ] } },
{ "type": "Feature", "properties": { "_uid0_": 676, "id": 36718, "adm3_psgc": 1600204000.0, "adm4_psgc": 1600204014.0, "barangay": "VINAPOR" }, "geometry": { "type": "Point", "coordinates": [ 125.214001502990257, 9.08459414180628 ] } },
{ "type": "Feature", "properties": { "_uid0_": 677, "id": 37842, "adm3_psgc": 1608504000.0, "adm4_psgc": 1608504010.0, "barangay": "PLARIDEL" }, "geometry": { "type": "Point", "coordinates": [ 125.499842852706479, 10.128703202966811 ] } },
{ "type": "Feature", "properties": { "_uid0_": 678, "id": 37843, "adm3_psgc": 1608504000.0, "adm4_psgc": 1608504011.0, "barangay": "QUEZON" }, "geometry": { "type": "Point", "coordinates": [ 125.510134030594372, 10.203763419053795 ] } },
{ "type": "Feature", "properties": { "_uid0_": 679, "id": 37844, "adm3_psgc": 1608504000.0, "adm4_psgc": 1608504012.0, "barangay": "SAN ANTONIO" }, "geometry": { "type": "Point", "coordinates": [ 125.539959399883145, 10.243856907154356 ] } },
{ "type": "Feature", "properties": { "_uid0_": 680, "id": 37395, "adm3_psgc": 1606724000.0, "adm4_psgc": 1606724002.0, "barangay": "ALEGRIA" }, "geometry": { "type": "Point", "coordinates": [ 125.526031856687581, 9.888988292694878 ] } },
{ "type": "Feature", "properties": { "_uid0_": 681, "id": 37411, "adm3_psgc": 1606724000.0, "adm4_psgc": 1606724019.0, "barangay": "DANAO" }, "geometry": { "type": "Point", "coordinates": [ 125.448149176439628, 9.743656121103562 ] } },
{ "type": "Feature", "properties": { "_uid0_": 682, "id": 37867, "adm3_psgc": 1608506000.0, "adm4_psgc": 1608506009.0, "barangay": "SAN JOSE" }, "geometry": { "type": "Point", "coordinates": [ 125.571758521761197, 10.008397825121691 ] } },
{ "type": "Feature", "properties": { "_uid0_": 683, "id": 37516, "adm3_psgc": 1606803000.0, "adm4_psgc": 1606803019.0, "barangay": "SIBAROY" }, "geometry": { "type": "Point", "coordinates": [ 126.319122506275832, 8.251707113188768 ] } },
{ "type": "Feature", "properties": { "_uid0_": 684, "id": 37517, "adm3_psgc": 1606803000.0, "adm4_psgc": 1606803020.0, "barangay": "TABON" }, "geometry": { "type": "Point", "coordinates": [ 126.364596472759231, 8.174829111795825 ] } },
{ "type": "Feature", "properties": { "_uid0_": 685, "id": 37518, "adm3_psgc": 1606803000.0, "adm4_psgc": 1606803021.0, "barangay": "TUMANAN" }, "geometry": { "type": "Point", "coordinates": [ 126.342461420074443, 8.274039325635311 ] } },
{ "type": "Feature", "properties": { "_uid0_": 686, "id": 37422, "adm3_psgc": 1606724000.0, "adm4_psgc": 1606724030.0, "barangay": "MAPAWA" }, "geometry": { "type": "Point", "coordinates": [ 125.529244429247569, 9.724459331705237 ] } },
{ "type": "Feature", "properties": { "_uid0_": 687, "id": 37674, "adm3_psgc": 1606814000.0, "adm4_psgc": 1606814008.0, "barangay": "POBLACION" }, "geometry": { "type": "Point", "coordinates": [ 126.296816985777795, 8.802717829718739 ] } },
{ "type": "Feature", "properties": { "_uid0_": 688, "id": 37691, "adm3_psgc": 1606815000.0, "adm4_psgc": 1606815013.0, "barangay": "SANTO NIÑO" }, "geometry": { "type": "Point", "coordinates": [ 126.226695408477482, 8.768462508290305 ] } },
{ "type": "Feature", "properties": { "_uid0_": 689, "id": 37610, "adm3_psgc": 1606810000.0, "adm4_psgc": 1606810003.0, "barangay": "BOCAWE" }, "geometry": { "type": "Point", "coordinates": [ 126.026095234329588, 9.208906404962226 ] } },
{ "type": "Feature", "properties": { "_uid0_": 690, "id": 37535, "adm3_psgc": 1606805000.0, "adm4_psgc": 1606805003.0, "barangay": "BUNTALID" }, "geometry": { "type": "Point", "coordinates": [ 125.922961382603077, 9.295052572452551 ] } },
{ "type": "Feature", "properties": { "_uid0_": 691, "id": 37684, "adm3_psgc": 1606815000.0, "adm4_psgc": 1606815006.0, "barangay": "JANIPAAN" }, "geometry": { "type": "Point", "coordinates": [ 126.188346693374854, 8.785980642195941 ] } },
{ "type": "Feature", "properties": { "_uid0_": 692, "id": 37708, "adm3_psgc": 1606816000.0, "adm4_psgc": 1606816018.0, "barangay": "UMALAG" }, "geometry": { "type": "Point", "coordinates": [ 125.917545017013055, 8.943411612253522 ] } },
{ "type": "Feature", "properties": { "_uid0_": 693, "id": 37715, "adm3_psgc": 1606817000.0, "adm4_psgc": 1606817007.0, "barangay": "MAGLATAB" }, "geometry": { "type": "Point", "coordinates": [ 126.126642927445062, 8.402322233551939 ] } },
{ "type": "Feature", "properties": { "_uid0_": 694, "id": 37806, "adm3_psgc": 1608501000.0, "adm4_psgc": 1608501028.0, "barangay": "VILLA PANTINOPLE" }, "geometry": { "type": "Point", "coordinates": [ 125.575246397503435, 10.100233462728376 ] } },
{ "type": "Feature", "properties": { "_uid0_": 695, "id": 37104, "adm3_psgc": 1600313000.0, "adm4_psgc": 1600313013.0, "barangay": "ANITAP" }, "geometry": { "type": "Point", "coordinates": [ 125.81047897146253, 7.971431601740894 ] } },
{ "type": "Feature", "properties": { "_uid0_": 696, "id": 37294, "adm3_psgc": 1606716000.0, "adm4_psgc": 1606716002.0, "barangay": "KATIPUNAN" }, "geometry": { "type": "Point", "coordinates": [ 126.08886153060979, 9.836258622586975 ] } },
{ "type": "Feature", "properties": { "_uid0_": 697, "id": 37325, "adm3_psgc": 1606717000.0, "adm4_psgc": 1606717019.0, "barangay": "SUYOC" }, "geometry": { "type": "Point", "coordinates": [ 125.585675918734466, 9.666580291784371 ] } },
{ "type": "Feature", "properties": { "_uid0_": 698, "id": 37285, "adm3_psgc": 1606715000.0, "adm4_psgc": 1606715008.0, "barangay": "KARIHATAG" }, "geometry": { "type": "Point", "coordinates": [ 125.460191528295397, 9.460257852266494 ] } },
{ "type": "Feature", "properties": { "_uid0_": 699, "id": 37298, "adm3_psgc": 1606716000.0, "adm4_psgc": 1606716006.0, "barangay": "SALVACION" }, "geometry": { "type": "Point", "coordinates": [ 126.099919798365619, 9.849260189679761 ] } },
{ "type": "Feature", "properties": { "_uid0_": 700, "id": 37268, "adm3_psgc": 1606714000.0, "adm4_psgc": 1606714012.0, "barangay": "PACO" }, "geometry": { "type": "Point", "coordinates": [ 125.523053581282966, 9.588777250070661 ] } },
{ "type": "Feature", "properties": { "_uid0_": 701, "id": 37456, "adm3_psgc": 1606725000.0, "adm4_psgc": 1606725010.0, "barangay": "OPONG" }, "geometry": { "type": "Point", "coordinates": [ 125.601660118133736, 9.732824760275504 ] } },
{ "type": "Feature", "properties": { "_uid0_": 702, "id": 36703, "adm3_psgc": 1600203000.0, "adm4_psgc": 1600203030.0, "barangay": "POBLACION 7" }, "geometry": { "type": "Point", "coordinates": [ 125.537100151487621, 9.125601745784408 ] } },
{ "type": "Feature", "properties": { "_uid0_": 703, "id": 36809, "adm3_psgc": 1600211000.0, "adm4_psgc": 1600211009.0, "barangay": "TAGMAMARKAY" }, "geometry": { "type": "Point", "coordinates": [ 125.585734676634715, 9.214065395666974 ] } },
{ "type": "Feature", "properties": { "_uid0_": 704, "id": 36813, "adm3_psgc": 1600211000.0, "adm4_psgc": 1600211013.0, "barangay": "DOÑA TELESFORA" }, "geometry": { "type": "Point", "coordinates": [ 125.598844890089936, 9.19887768251944 ] } },
{ "type": "Feature", "properties": { "_uid0_": 705, "id": 37839, "adm3_psgc": 1608504000.0, "adm4_psgc": 1608504007.0, "barangay": "KANIHAAN" }, "geometry": { "type": "Point", "coordinates": [ 125.463449574317963, 10.170727647743114 ] } },
{ "type": "Feature", "properties": { "_uid0_": 706, "id": 36662, "adm3_psgc": 1600201000.0, "adm4_psgc": 1600201010.0, "barangay": "MANAPA" }, "geometry": { "type": "Point", "coordinates": [ 125.443663242797911, 8.974200458045917 ] } },
{ "type": "Feature", "properties": { "_uid0_": 707, "id": 37741, "adm3_psgc": 1606818000.0, "adm4_psgc": 1606818007.0, "barangay": "CAGDAPAO" }, "geometry": { "type": "Point", "coordinates": [ 126.155067006655983, 8.998646224807061 ] } },
{ "type": "Feature", "properties": { "_uid0_": 708, "id": 37598, "adm3_psgc": 1606809000.0, "adm4_psgc": 1606809026.0, "barangay": "SAN JUAN" }, "geometry": { "type": "Point", "coordinates": [ 126.365439028592377, 8.409421871180264 ] } },
{ "type": "Feature", "properties": { "_uid0_": 709, "id": 36874, "adm3_psgc": 1600302000.0, "adm4_psgc": 1600302010.0, "barangay": "SAN TEODORO" }, "geometry": { "type": "Point", "coordinates": [ 126.009579277428941, 8.186802062087592 ] } },
{ "type": "Feature", "properties": { "_uid0_": 710, "id": 36875, "adm3_psgc": 1600303000.0, "adm4_psgc": 1600303001.0, "barangay": "ANOLINGAN" }, "geometry": { "type": "Point", "coordinates": [ 125.775407017773034, 8.608846456587324 ] } },
{ "type": "Feature", "properties": { "_uid0_": 711, "id": 37424, "adm3_psgc": 1606724000.0, "adm4_psgc": 1606724032.0, "barangay": "NABAGO" }, "geometry": { "type": "Point", "coordinates": [ 125.560570373705758, 9.744957309470751 ] } },
{ "type": "Feature", "properties": { "_uid0_": 712, "id": 37147, "adm3_psgc": 1606701000.0, "adm4_psgc": 1606701012.0, "barangay": "GAMUTON" }, "geometry": { "type": "Point", "coordinates": [ 125.567638783488533, 9.464307015103604 ] } },
{ "type": "Feature", "properties": { "_uid0_": 713, "id": 37151, "adm3_psgc": 1606702000.0, "adm4_psgc": 1606702004.0, "barangay": "DUGSANGON" }, "geometry": { "type": "Point", "coordinates": [ 125.619236824858234, 9.574363172885944 ] } },
{ "type": "Feature", "properties": { "_uid0_": 714, "id": 36698, "adm3_psgc": 1600203000.0, "adm4_psgc": 1600203025.0, "barangay": "POBLACION 2" }, "geometry": { "type": "Point", "coordinates": [ 125.53267847580203, 9.125381472493192 ] } },
{ "type": "Feature", "properties": { "_uid0_": 715, "id": 36819, "adm3_psgc": 1600212000.0, "adm4_psgc": 1600212006.0, "barangay": "SAN ANTONIO" }, "geometry": { "type": "Point", "coordinates": [ 125.687947611926774, 9.066932326275527 ] } },
{ "type": "Feature", "properties": { "_uid0_": 716, "id": 36680, "adm3_psgc": 1600203000.0, "adm4_psgc": 1600203002.0, "barangay": "ANTONIO LUNA" }, "geometry": { "type": "Point", "coordinates": [ 125.588745704271119, 9.081801909701262 ] } },
{ "type": "Feature", "properties": { "_uid0_": 717, "id": 36732, "adm3_psgc": 1600205000.0, "adm4_psgc": 1600205014.0, "barangay": "SAN VICENTE" }, "geometry": { "type": "Point", "coordinates": [ 125.467356416776695, 9.417809613084453 ] } },
{ "type": "Feature", "properties": { "_uid0_": 718, "id": 36717, "adm3_psgc": 1600204000.0, "adm4_psgc": 1600204012.0, "barangay": "TAGCATONG" }, "geometry": { "type": "Point", "coordinates": [ 125.251624082185742, 9.00030016105482 ] } },
{ "type": "Feature", "properties": { "_uid0_": 719, "id": 36685, "adm3_psgc": 1600203000.0, "adm4_psgc": 1600203010.0, "barangay": "CALAMBA" }, "geometry": { "type": "Point", "coordinates": [ 125.601651760154866, 9.102759591679851 ] } },
{ "type": "Feature", "properties": { "_uid0_": 720, "id": 36721, "adm3_psgc": 1600205000.0, "adm4_psgc": 1600205003.0, "barangay": "A. BELTRAN" }, "geometry": { "type": "Point", "coordinates": [ 125.564050288597841, 9.371550558694665 ] } },
{ "type": "Feature", "properties": { "_uid0_": 721, "id": 36742, "adm3_psgc": 1600206000.0, "adm4_psgc": 1600206009.0, "barangay": "SANGAY" }, "geometry": { "type": "Point", "coordinates": [ 125.584753021297388, 9.436435916387786 ] } },
{ "type": "Feature", "properties": { "_uid0_": 722, "id": 36733, "adm3_psgc": 1600205000.0, "adm4_psgc": 1600205015.0, "barangay": "SANTO NIÑO" }, "geometry": { "type": "Point", "coordinates": [ 125.500792546658957, 9.327952391678307 ] } },
{ "type": "Feature", "properties": { "_uid0_": 723, "id": 36740, "adm3_psgc": 1600206000.0, "adm4_psgc": 1600206007.0, "barangay": "SAN ISIDRO" }, "geometry": { "type": "Point", "coordinates": [ 125.59313335426728, 9.414739222428659 ] } },
{ "type": "Feature", "properties": { "_uid0_": 724, "id": 36757, "adm3_psgc": 1600207000.0, "adm4_psgc": 1600207014.0, "barangay": "TINUCORAN" }, "geometry": { "type": "Point", "coordinates": [ 125.593687806077256, 8.738615063806241 ] } },
{ "type": "Feature", "properties": { "_uid0_": 725, "id": 36794, "adm3_psgc": 1600210000.0, "adm4_psgc": 1600210005.0, "barangay": "LA PAZ" }, "geometry": { "type": "Point", "coordinates": [ 125.543004022063656, 9.264985575393657 ] } },
{ "type": "Feature", "properties": { "_uid0_": 726, "id": 36803, "adm3_psgc": 1600211000.0, "adm4_psgc": 1600211003.0, "barangay": "DOÑA ROSARIO" }, "geometry": { "type": "Point", "coordinates": [ 125.559083086238672, 9.16505337196601 ] } },
{ "type": "Feature", "properties": { "_uid0_": 727, "id": 36812, "adm3_psgc": 1600211000.0, "adm4_psgc": 1600211012.0, "barangay": "VICTORY" }, "geometry": { "type": "Point", "coordinates": [ 125.558409256773984, 9.149064193695574 ] } },
{ "type": "Feature", "properties": { "_uid0_": 728, "id": 36670, "adm3_psgc": 1600201000.0, "adm4_psgc": 1600201019.0, "barangay": "POBLACION 7" }, "geometry": { "type": "Point", "coordinates": [ 125.406542619101074, 8.979458626274017 ] } },
{ "type": "Feature", "properties": { "_uid0_": 729, "id": 36820, "adm3_psgc": 1600212000.0, "adm4_psgc": 1600212007.0, "barangay": "TAGBONGABONG" }, "geometry": { "type": "Point", "coordinates": [ 125.614476549711185, 9.075182655347064 ] } },
{ "type": "Feature", "properties": { "_uid0_": 730, "id": 36763, "adm3_psgc": 1600207000.0, "adm4_psgc": 1600207020.0, "barangay": "SAN ROQUE" }, "geometry": { "type": "Point", "coordinates": [ 125.658135728058383, 8.711711782621961 ] } },
{ "type": "Feature", "properties": { "_uid0_": 731, "id": 36678, "adm3_psgc": 1600201000.0, "adm4_psgc": 1600201027.0, "barangay": "LOWER OLAVE" }, "geometry": { "type": "Point", "coordinates": [ 125.347056571688569, 8.814871450919517 ] } },
{ "type": "Feature", "properties": { "_uid0_": 732, "id": 36682, "adm3_psgc": 1600203000.0, "adm4_psgc": 1600203006.0, "barangay": "BAYABAS" }, "geometry": { "type": "Point", "coordinates": [ 125.68052488091999, 9.153947424736035 ] } },
{ "type": "Feature", "properties": { "_uid0_": 733, "id": 36696, "adm3_psgc": 1600203000.0, "adm4_psgc": 1600203023.0, "barangay": "POBLACION 11" }, "geometry": { "type": "Point", "coordinates": [ 125.534469865317647, 9.11593515353823 ] } },
{ "type": "Feature", "properties": { "_uid0_": 734, "id": 36727, "adm3_psgc": 1600205000.0, "adm4_psgc": 1600205009.0, "barangay": "MAGSAYSAY" }, "geometry": { "type": "Point", "coordinates": [ 125.536525688612969, 9.328344827413829 ] } },
{ "type": "Feature", "properties": { "_uid0_": 735, "id": 36748, "adm3_psgc": 1600207000.0, "adm4_psgc": 1600207004.0, "barangay": "KATIPUNAN" }, "geometry": { "type": "Point", "coordinates": [ 125.638108646944033, 8.744640139409993 ] } },
{ "type": "Feature", "properties": { "_uid0_": 736, "id": 36761, "adm3_psgc": 1600207000.0, "adm4_psgc": 1600207018.0, "barangay": "IBUAN" }, "geometry": { "type": "Point", "coordinates": [ 125.499934426189313, 8.739772292852093 ] } },
{ "type": "Feature", "properties": { "_uid0_": 737, "id": 37251, "adm3_psgc": 1606711000.0, "adm4_psgc": 1606711007.0, "barangay": "MAHANUB" }, "geometry": { "type": "Point", "coordinates": [ 125.684081652330065, 9.551272217711826 ] } },
{ "type": "Feature", "properties": { "_uid0_": 738, "id": 36861, "adm3_psgc": 1600301000.0, "adm4_psgc": 1600301047.0, "barangay": "SANTO NIÑO" }, "geometry": { "type": "Point", "coordinates": [ 125.793088243128935, 8.800935536371739 ] } },
{ "type": "Feature", "properties": { "_uid0_": 739, "id": 37303, "adm3_psgc": 1606716000.0, "adm4_psgc": 1606716011.0, "barangay": "PUNTA" }, "geometry": { "type": "Point", "coordinates": [ 126.101005846794209, 9.862935477582115 ] } },
{ "type": "Feature", "properties": { "_uid0_": 740, "id": 36726, "adm3_psgc": 1600205000.0, "adm4_psgc": 1600205008.0, "barangay": "MAGDAGOOC" }, "geometry": { "type": "Point", "coordinates": [ 125.48709221304857, 9.356476448433453 ] } },
{ "type": "Feature", "properties": { "_uid0_": 741, "id": 36877, "adm3_psgc": 1600303000.0, "adm4_psgc": 1600303003.0, "barangay": "BENTAHON" }, "geometry": { "type": "Point", "coordinates": [ 125.673091344496726, 8.682109910620461 ] } },
{ "type": "Feature", "properties": { "_uid0_": 742, "id": 36801, "adm3_psgc": 1600211000.0, "adm4_psgc": 1600211001.0, "barangay": "BINUANGAN" }, "geometry": { "type": "Point", "coordinates": [ 125.534423541393551, 9.215936710522927 ] } },
{ "type": "Feature", "properties": { "_uid0_": 743, "id": 36804, "adm3_psgc": 1600211000.0, "adm4_psgc": 1600211004.0, "barangay": "LA FRATERNIDAD" }, "geometry": { "type": "Point", "coordinates": [ 125.537983786649249, 9.191659599574516 ] } },
{ "type": "Feature", "properties": { "_uid0_": 744, "id": 36904, "adm3_psgc": 1600303000.0, "adm4_psgc": 1600303032.0, "barangay": "AGUINALDO" }, "geometry": { "type": "Point", "coordinates": [ 125.743624943610698, 8.627740283695847 ] } },
{ "type": "Feature", "properties": { "_uid0_": 745, "id": 36906, "adm3_psgc": 1600303000.0, "adm4_psgc": 1600303034.0, "barangay": "CEBULAN" }, "geometry": { "type": "Point", "coordinates": [ 125.763303660376167, 8.627768831233789 ] } },
{ "type": "Feature", "properties": { "_uid0_": 746, "id": 37016, "adm3_psgc": 1600308000.0, "adm4_psgc": 1600308022.0, "barangay": "SANTA ANA" }, "geometry": { "type": "Point", "coordinates": [ 125.956036213294922, 8.496620845203354 ] } },
{ "type": "Feature", "properties": { "_uid0_": 747, "id": 36926, "adm3_psgc": 1600304000.0, "adm4_psgc": 1600304005.0, "barangay": "OSMEÑA, SR." }, "geometry": { "type": "Point", "coordinates": [ 125.787173073830246, 8.299874113766384 ] } },
{ "type": "Feature", "properties": { "_uid0_": 748, "id": 36879, "adm3_psgc": 1600303000.0, "adm4_psgc": 1600303006.0, "barangay": "CATMONON" }, "geometry": { "type": "Point", "coordinates": [ 125.711682283344473, 8.646103217038778 ] } },
{ "type": "Feature", "properties": { "_uid0_": 749, "id": 36882, "adm3_psgc": 1600303000.0, "adm4_psgc": 1600303009.0, "barangay": "DUANGAN" }, "geometry": { "type": "Point", "coordinates": [ 125.725156070646122, 8.613970953539731 ] } },
{ "type": "Feature", "properties": { "_uid0_": 750, "id": 36886, "adm3_psgc": 1600303000.0, "adm4_psgc": 1600303013.0, "barangay": "LABAO" }, "geometry": { "type": "Point", "coordinates": [ 125.711286020007236, 8.628627961792235 ] } },
{ "type": "Feature", "properties": { "_uid0_": 751, "id": 36944, "adm3_psgc": 1600305000.0, "adm4_psgc": 1600305008.0, "barangay": "SAN VICENTE" }, "geometry": { "type": "Point", "coordinates": [ 125.790780664808764, 8.13533404791862 ] } },
{ "type": "Feature", "properties": { "_uid0_": 752, "id": 37005, "adm3_psgc": 1600308000.0, "adm4_psgc": 1600308010.0, "barangay": "MATE" }, "geometry": { "type": "Point", "coordinates": [ 126.022949408501873, 8.442849451910298 ] } },
{ "type": "Feature", "properties": { "_uid0_": 753, "id": 37467, "adm3_psgc": 1606727000.0, "adm4_psgc": 1606727006.0, "barangay": "POBLACION" }, "geometry": { "type": "Point", "coordinates": [ 125.571125538800715, 9.554937050045945 ] } },
{ "type": "Feature", "properties": { "_uid0_": 754, "id": 37261, "adm3_psgc": 1606714000.0, "adm4_psgc": 1606714004.0, "barangay": "DAYANO" }, "geometry": { "type": "Point", "coordinates": [ 125.588679573892279, 9.537907451450161 ] } },
{ "type": "Feature", "properties": { "_uid0_": 755, "id": 37040, "adm3_psgc": 1600309000.0, "adm4_psgc": 1600309017.0, "barangay": "MAHAYAHAY" }, "geometry": { "type": "Point", "coordinates": [ 125.571388214680795, 8.408820355814992 ] } },
{ "type": "Feature", "properties": { "_uid0_": 756, "id": 37630, "adm3_psgc": 1606811000.0, "adm4_psgc": 1606811009.0, "barangay": "PAYASAN" }, "geometry": { "type": "Point", "coordinates": [ 126.076854302882381, 8.618809842137317 ] } },
{ "type": "Feature", "properties": { "_uid0_": 757, "id": 37631, "adm3_psgc": 1606811000.0, "adm4_psgc": 1606811010.0, "barangay": "POBLACION" }, "geometry": { "type": "Point", "coordinates": [ 126.085325733979744, 8.631465050170748 ] } },
{ "type": "Feature", "properties": { "_uid0_": 758, "id": 37632, "adm3_psgc": 1606811000.0, "adm4_psgc": 1606811011.0, "barangay": "SAINT CHRISTINE" }, "geometry": { "type": "Point", "coordinates": [ 126.121302364948264, 8.675896659939124 ] } },
{ "type": "Feature", "properties": { "_uid0_": 759, "id": 37637, "adm3_psgc": 1606812000.0, "adm4_psgc": 1606812003.0, "barangay": "BONGAN" }, "geometry": { "type": "Point", "coordinates": [ 126.428101602285935, 8.195710147716389 ] } },
{ "type": "Feature", "properties": { "_uid0_": 760, "id": 37077, "adm3_psgc": 1600312000.0, "adm4_psgc": 1600312002.0, "barangay": "CUEVAS" }, "geometry": { "type": "Point", "coordinates": [ 126.096078661660826, 8.027389729897161 ] } },
{ "type": "Feature", "properties": { "_uid0_": 761, "id": 36924, "adm3_psgc": 1600304000.0, "adm4_psgc": 1600304003.0, "barangay": "HALAPITAN" }, "geometry": { "type": "Point", "coordinates": [ 125.75717741599594, 8.251498696392142 ] } },
{ "type": "Feature", "properties": { "_uid0_": 762, "id": 36712, "adm3_psgc": 1600204000.0, "adm4_psgc": 1600204002.0, "barangay": "GOSOON" }, "geometry": { "type": "Point", "coordinates": [ 125.2165734042878, 9.069291841594188 ] } },
{ "type": "Feature", "properties": { "_uid0_": 763, "id": 37088, "adm3_psgc": 1600312000.0, "adm4_psgc": 1600312013.0, "barangay": "TUDELA" }, "geometry": { "type": "Point", "coordinates": [ 126.127986223512636, 8.087638110658078 ] } },
{ "type": "Feature", "properties": { "_uid0_": 764, "id": 37102, "adm3_psgc": 1600313000.0, "adm4_psgc": 1600313011.0, "barangay": "SANTA EMELIA" }, "geometry": { "type": "Point", "coordinates": [ 125.903583687102227, 7.945592876054393 ] } },
{ "type": "Feature", "properties": { "_uid0_": 765, "id": 37166, "adm3_psgc": 1606706000.0, "adm4_psgc": 1606706004.0, "barangay": "HAYANGGABON" }, "geometry": { "type": "Point", "coordinates": [ 125.796038290873398, 9.465546201099881 ] } },
{ "type": "Feature", "properties": { "_uid0_": 766, "id": 37183, "adm3_psgc": 1606707000.0, "adm4_psgc": 1606707007.0, "barangay": "CONSOLACION" }, "geometry": { "type": "Point", "coordinates": [ 126.014022612862348, 9.703322204255317 ] } },
{ "type": "Feature", "properties": { "_uid0_": 767, "id": 37288, "adm3_psgc": 1606715000.0, "adm4_psgc": 1606715012.0, "barangay": "SAN ISIDRO" }, "geometry": { "type": "Point", "coordinates": [ 125.424481550402405, 9.621676856776878 ] } },
{ "type": "Feature", "properties": { "_uid0_": 768, "id": 37297, "adm3_psgc": 1606716000.0, "adm4_psgc": 1606716005.0, "barangay": "MABUHAY" }, "geometry": { "type": "Point", "coordinates": [ 126.087189226660755, 9.815198346081612 ] } },
{ "type": "Feature", "properties": { "_uid0_": 769, "id": 37322, "adm3_psgc": 1606717000.0, "adm4_psgc": 1606717016.0, "barangay": "PANHUTONGAN" }, "geometry": { "type": "Point", "coordinates": [ 125.61914699205839, 9.62606076092275 ] } },
{ "type": "Feature", "properties": { "_uid0_": 770, "id": 37328, "adm3_psgc": 1606718000.0, "adm4_psgc": 1606718001.0, "barangay": "BONGDO" }, "geometry": { "type": "Point", "coordinates": [ 126.005517081392128, 9.927986284387282 ] } },
{ "type": "Feature", "properties": { "_uid0_": 771, "id": 37329, "adm3_psgc": 1606718000.0, "adm4_psgc": 1606718002.0, "barangay": "MARIBOJOC" }, "geometry": { "type": "Point", "coordinates": [ 125.961670157427122, 9.928153513493378 ] } },
{ "type": "Feature", "properties": { "_uid0_": 772, "id": 37330, "adm3_psgc": 1606718000.0, "adm4_psgc": 1606718003.0, "barangay": "NUEVO CAMPO" }, "geometry": { "type": "Point", "coordinates": [ 126.029499881234912, 9.945196062820035 ] } },
{ "type": "Feature", "properties": { "_uid0_": 773, "id": 37404, "adm3_psgc": 1606724000.0, "adm4_psgc": 1606724012.0, "barangay": "BUENAVISTA" }, "geometry": { "type": "Point", "coordinates": [ 125.533915296343622, 9.870766475287738 ] } },
{ "type": "Feature", "properties": { "_uid0_": 774, "id": 37425, "adm3_psgc": 1606724000.0, "adm4_psgc": 1606724033.0, "barangay": "NONOC" }, "geometry": { "type": "Point", "coordinates": [ 125.583814157915782, 9.830064152539872 ] } },
{ "type": "Feature", "properties": { "_uid0_": 775, "id": 37399, "adm3_psgc": 1606724000.0, "adm4_psgc": 1606724006.0, "barangay": "BALIBAYON" }, "geometry": { "type": "Point", "coordinates": [ 125.526772391118655, 9.764374408002315 ] } },
{ "type": "Feature", "properties": { "_uid0_": 776, "id": 37400, "adm3_psgc": 1606724000.0, "adm4_psgc": 1606724007.0, "barangay": "BAYBAY" }, "geometry": { "type": "Point", "coordinates": [ 125.541625545169651, 9.872420872623669 ] } },
{ "type": "Feature", "properties": { "_uid0_": 777, "id": 37401, "adm3_psgc": 1606724000.0, "adm4_psgc": 1606724008.0, "barangay": "BILABID" }, "geometry": { "type": "Point", "coordinates": [ 125.512380240102161, 9.904500211440668 ] } },
{ "type": "Feature", "properties": { "_uid0_": 778, "id": 37513, "adm3_psgc": 1606803000.0, "adm4_psgc": 1606803016.0, "barangay": "SAN JOSE" }, "geometry": { "type": "Point", "coordinates": [ 126.290587630609537, 8.112939280131764 ] } },
{ "type": "Feature", "properties": { "_uid0_": 779, "id": 37541, "adm3_psgc": 1606805000.0, "adm4_psgc": 1606805009.0, "barangay": "LININTI-AN" }, "geometry": { "type": "Point", "coordinates": [ 125.980272541603483, 9.337082017628056 ] } },
{ "type": "Feature", "properties": { "_uid0_": 780, "id": 37543, "adm3_psgc": 1606805000.0, "adm4_psgc": 1606805011.0, "barangay": "MAGOSILOM" }, "geometry": { "type": "Point", "coordinates": [ 125.986222129909194, 9.311582797147905 ] } },
{ "type": "Feature", "properties": { "_uid0_": 781, "id": 37781, "adm3_psgc": 1608501000.0, "adm4_psgc": 1608501003.0, "barangay": "COLUMBUS" }, "geometry": { "type": "Point", "coordinates": [ 125.519150614745669, 10.020147786276631 ] } },
{ "type": "Feature", "properties": { "_uid0_": 782, "id": 37782, "adm3_psgc": 1608501000.0, "adm4_psgc": 1608501004.0, "barangay": "CORING" }, "geometry": { "type": "Point", "coordinates": [ 125.526732437682654, 10.012998544019554 ] } },
{ "type": "Feature", "properties": { "_uid0_": 783, "id": 37783, "adm3_psgc": 1608501000.0, "adm4_psgc": 1608501005.0, "barangay": "CORTES" }, "geometry": { "type": "Point", "coordinates": [ 125.532150426875276, 10.076615752301491 ] } },
{ "type": "Feature", "properties": { "_uid0_": 784, "id": 37788, "adm3_psgc": 1608501000.0, "adm4_psgc": 1608501010.0, "barangay": "MELGAR" }, "geometry": { "type": "Point", "coordinates": [ 125.515576589466491, 10.076103238645258 ] } },
{ "type": "Feature", "properties": { "_uid0_": 785, "id": 37700, "adm3_psgc": 1606816000.0, "adm4_psgc": 1606816009.0, "barangay": "LIBAS SUD" }, "geometry": { "type": "Point", "coordinates": [ 126.060600402171062, 8.846328760612316 ] } },
{ "type": "Feature", "properties": { "_uid0_": 786, "id": 37667, "adm3_psgc": 1606814000.0, "adm4_psgc": 1606814001.0, "barangay": "ALEGRIA" }, "geometry": { "type": "Point", "coordinates": [ 126.311093216143547, 8.818257016256052 ] } },
{ "type": "Feature", "properties": { "_uid0_": 787, "id": 37579, "adm3_psgc": 1606808000.0, "adm4_psgc": 1606808007.0, "barangay": "MATHO" }, "geometry": { "type": "Point", "coordinates": [ 126.131239250379409, 9.165667741205393 ] } },
{ "type": "Feature", "properties": { "_uid0_": 788, "id": 37799, "adm3_psgc": 1608501000.0, "adm4_psgc": 1608501021.0, "barangay": "EDERA" }, "geometry": { "type": "Point", "coordinates": [ 125.567232274809996, 10.095464349803262 ] } },
{ "type": "Feature", "properties": { "_uid0_": 789, "id": 37679, "adm3_psgc": 1606815000.0, "adm4_psgc": 1606815001.0, "barangay": "BRETANIA" }, "geometry": { "type": "Point", "coordinates": [ 126.218953808919522, 8.69892774846485 ] } },
{ "type": "Feature", "properties": { "_uid0_": 790, "id": 37590, "adm3_psgc": 1606809000.0, "adm4_psgc": 1606809010.0, "barangay": "HARIP" }, "geometry": { "type": "Point", "coordinates": [ 126.361786245174557, 8.49877710386674 ] } },
{ "type": "Feature", "properties": { "_uid0_": 791, "id": 37604, "adm3_psgc": 1606809000.0, "adm4_psgc": 1606809040.0, "barangay": "TIWI" }, "geometry": { "type": "Point", "coordinates": [ 126.345829260536561, 8.402841559679398 ] } },
{ "type": "Feature", "properties": { "_uid0_": 792, "id": 37718, "adm3_psgc": 1606817000.0, "adm4_psgc": 1606817010.0, "barangay": "MANAMBIA" }, "geometry": { "type": "Point", "coordinates": [ 126.138908392673414, 8.427854808769647 ] } },
{ "type": "Feature", "properties": { "_uid0_": 793, "id": 37744, "adm3_psgc": 1606818000.0, "adm4_psgc": 1606818010.0, "barangay": "CAYALE" }, "geometry": { "type": "Point", "coordinates": [ 126.121893683716763, 8.985061090529268 ] } },
{ "type": "Feature", "properties": { "_uid0_": 794, "id": 37192, "adm3_psgc": 1606707000.0, "adm4_psgc": 1606707016.0, "barangay": "BARANGAY 12" }, "geometry": { "type": "Point", "coordinates": [ 126.0398759788104, 9.769207380414962 ] } },
{ "type": "Feature", "properties": { "_uid0_": 795, "id": 36711, "adm3_psgc": 1600204000.0, "adm4_psgc": 1600204001.0, "barangay": "CAHAYAGAN" }, "geometry": { "type": "Point", "coordinates": [ 125.233792259858447, 9.026311293409734 ] } },
{ "type": "Feature", "properties": { "_uid0_": 796, "id": 36852, "adm3_psgc": 1600301000.0, "adm4_psgc": 1600301038.0, "barangay": "MONTIVESTA" }, "geometry": { "type": "Point", "coordinates": [ 125.675673690064599, 8.724825837916924 ] } },
{ "type": "Feature", "properties": { "_uid0_": 797, "id": 37413, "adm3_psgc": 1606724000.0, "adm4_psgc": 1606724021.0, "barangay": "DAY-ASAN" }, "geometry": { "type": "Point", "coordinates": [ 125.546936807660202, 9.776206437210572 ] } },
{ "type": "Feature", "properties": { "_uid0_": 798, "id": 37283, "adm3_psgc": 1606715000.0, "adm4_psgc": 1606715005.0, "barangay": "CAYAWAN" }, "geometry": { "type": "Point", "coordinates": [ 125.426403582511114, 9.607047322873182 ] } },
{ "type": "Feature", "properties": { "_uid0_": 799, "id": 37522, "adm3_psgc": 1606803000.0, "adm4_psgc": 1606803025.0, "barangay": "COMAWAS" }, "geometry": { "type": "Point", "coordinates": [ 126.330058435034701, 8.180180837295872 ] } },
{ "type": "Feature", "properties": { "_uid0_": 800, "id": 37525, "adm3_psgc": 1606804000.0, "adm4_psgc": 1606804003.0, "barangay": "BITAUGAN EAST" }, "geometry": { "type": "Point", "coordinates": [ 126.322424850409476, 8.861337340183583 ] } },
{ "type": "Feature", "properties": { "_uid0_": 801, "id": 37110, "adm3_psgc": 1600313000.0, "adm4_psgc": 1600313019.0, "barangay": "SAWAGAN" }, "geometry": { "type": "Point", "coordinates": [ 125.861345719295343, 8.021500009449696 ] } },
{ "type": "Feature", "properties": { "_uid0_": 802, "id": 37564, "adm3_psgc": 1606807000.0, "adm4_psgc": 1606807006.0, "barangay": "CAGLAYAG" }, "geometry": { "type": "Point", "coordinates": [ 125.978114652579038, 9.393280938382174 ] } },
{ "type": "Feature", "properties": { "_uid0_": 803, "id": 37565, "adm3_psgc": 1606807000.0, "adm4_psgc": 1606807007.0, "barangay": "DAHICAN" }, "geometry": { "type": "Point", "coordinates": [ 125.923115405578031, 9.46571731462047 ] } },
{ "type": "Feature", "properties": { "_uid0_": 804, "id": 37706, "adm3_psgc": 1606816000.0, "adm4_psgc": 1606816016.0, "barangay": "SAN ROQUE" }, "geometry": { "type": "Point", "coordinates": [ 126.022520766032059, 8.854278490992296 ] } },
{ "type": "Feature", "properties": { "_uid0_": 805, "id": 37751, "adm3_psgc": 1606818000.0, "adm4_psgc": 1606818017.0, "barangay": "MERCEDES" }, "geometry": { "type": "Point", "coordinates": [ 126.217031410673272, 9.008165915881321 ] } },
{ "type": "Feature", "properties": { "_uid0_": 806, "id": 36760, "adm3_psgc": 1600207000.0, "adm4_psgc": 1600207017.0, "barangay": "DURIAN" }, "geometry": { "type": "Point", "coordinates": [ 125.498309449253583, 8.713694230467631 ] } },
{ "type": "Feature", "properties": { "_uid0_": 807, "id": 37716, "adm3_psgc": 1606817000.0, "adm4_psgc": 1606817008.0, "barangay": "MAGSAYSAY" }, "geometry": { "type": "Point", "coordinates": [ 126.17365774232627, 8.491382986443197 ] } },
{ "type": "Feature", "properties": { "_uid0_": 808, "id": 37739, "adm3_psgc": 1606818000.0, "adm4_psgc": 1606818005.0, "barangay": "BAJAO" }, "geometry": { "type": "Point", "coordinates": [ 126.150197536749801, 8.982158842577649 ] } },
{ "type": "Feature", "properties": { "_uid0_": 809, "id": 37498, "adm3_psgc": 1606802000.0, "adm4_psgc": 1606802007.0, "barangay": "PANAOSAWON" }, "geometry": { "type": "Point", "coordinates": [ 126.233820267834076, 8.925139499576661 ] } },
{ "type": "Feature", "properties": { "_uid0_": 810, "id": 37486, "adm3_psgc": 1606801000.0, "adm4_psgc": 1606801020.0, "barangay": "SUA" }, "geometry": { "type": "Point", "coordinates": [ 126.20335146121657, 8.54954217302374 ] } },
{ "type": "Feature", "properties": { "_uid0_": 811, "id": 37116, "adm3_psgc": 1600314000.0, "adm4_psgc": 1600314005.0, "barangay": "EL RIO" }, "geometry": { "type": "Point", "coordinates": [ 125.676521527091623, 8.863635202370066 ] } },
{ "type": "Feature", "properties": { "_uid0_": 812, "id": 36834, "adm3_psgc": 1600301000.0, "adm4_psgc": 1600301017.0, "barangay": "SAGMONE" }, "geometry": { "type": "Point", "coordinates": [ 125.69921442126342, 8.740255761784242 ] } },
{ "type": "Feature", "properties": { "_uid0_": 813, "id": 36836, "adm3_psgc": 1600301000.0, "adm4_psgc": 1600301019.0, "barangay": "SALVACION" }, "geometry": { "type": "Point", "coordinates": [ 125.711232034916179, 8.677858491537956 ] } },
{ "type": "Feature", "properties": { "_uid0_": 814, "id": 36837, "adm3_psgc": 1600301000.0, "adm4_psgc": 1600301020.0, "barangay": "SAN ISIDRO" }, "geometry": { "type": "Point", "coordinates": [ 125.783832133667062, 8.679703203105534 ] } },
{ "type": "Feature", "properties": { "_uid0_": 815, "id": 36730, "adm3_psgc": 1600205000.0, "adm4_psgc": 1600205012.0, "barangay": "SAN JOSE" }, "geometry": { "type": "Point", "coordinates": [ 125.476751287470265, 9.379764344036346 ] } },
{ "type": "Feature", "properties": { "_uid0_": 816, "id": 36943, "adm3_psgc": 1600305000.0, "adm4_psgc": 1600305007.0, "barangay": "SAN MARIANO" }, "geometry": { "type": "Point", "coordinates": [ 125.735405000230926, 8.036398073888529 ] } },
{ "type": "Feature", "properties": { "_uid0_": 817, "id": 36951, "adm3_psgc": 1600305000.0, "adm4_psgc": 1600305015.0, "barangay": "KAUSWAGAN" }, "geometry": { "type": "Point", "coordinates": [ 125.778211779670301, 7.986312810525411 ] } },
{ "type": "Feature", "properties": { "_uid0_": 818, "id": 36975, "adm3_psgc": 1600306000.0, "adm4_psgc": 1600306024.0, "barangay": "SAN LORENZO" }, "geometry": { "type": "Point", "coordinates": [ 125.997774857147121, 8.660027357092444 ] } },
{ "type": "Feature", "properties": { "_uid0_": 819, "id": 37638, "adm3_psgc": 1606812000.0, "adm4_psgc": 1606812004.0, "barangay": "BOGAK" }, "geometry": { "type": "Point", "coordinates": [ 126.340061578831637, 8.027680614757347 ] } },
{ "type": "Feature", "properties": { "_uid0_": 820, "id": 37189, "adm3_psgc": 1606707000.0, "adm4_psgc": 1606707013.0, "barangay": "OSMEÑA" }, "geometry": { "type": "Point", "coordinates": [ 126.065483211754071, 9.784005959052434 ] } },
{ "type": "Feature", "properties": { "_uid0_": 821, "id": 37174, "adm3_psgc": 1606706000.0, "adm4_psgc": 1606706012.0, "barangay": "TAGANITO" }, "geometry": { "type": "Point", "coordinates": [ 125.776709178694588, 9.477554942434157 ] } },
{ "type": "Feature", "properties": { "_uid0_": 822, "id": 37388, "adm3_psgc": 1606723000.0, "adm4_psgc": 1606723009.0, "barangay": "SAN ROQUE" }, "geometry": { "type": "Point", "coordinates": [ 125.914488220407335, 9.616492632152612 ] } },
{ "type": "Feature", "properties": { "_uid0_": 823, "id": 37499, "adm3_psgc": 1606803000.0, "adm4_psgc": 1606803002.0, "barangay": "BUCTO" }, "geometry": { "type": "Point", "coordinates": [ 126.331792939246128, 8.26331704598438 ] } },
{ "type": "Feature", "properties": { "_uid0_": 824, "id": 37500, "adm3_psgc": 1606803000.0, "adm4_psgc": 1606803003.0, "barangay": "BURBOANAN" }, "geometry": { "type": "Point", "coordinates": [ 126.233050120574404, 8.186788420207511 ] } },
{ "type": "Feature", "properties": { "_uid0_": 825, "id": 37502, "adm3_psgc": 1606803000.0, "adm4_psgc": 1606803005.0, "barangay": "CAGUYAO" }, "geometry": { "type": "Point", "coordinates": [ 126.353461009461157, 8.281751620167038 ] } },
{ "type": "Feature", "properties": { "_uid0_": 826, "id": 37515, "adm3_psgc": 1606803000.0, "adm4_psgc": 1606803018.0, "barangay": "SANTA CRUZ" }, "geometry": { "type": "Point", "coordinates": [ 126.297272258568015, 8.262663187847508 ] } },
{ "type": "Feature", "properties": { "_uid0_": 827, "id": 37675, "adm3_psgc": 1606814000.0, "adm4_psgc": 1606814009.0, "barangay": "SAN ANTONIO" }, "geometry": { "type": "Point", "coordinates": [ 126.325038840181861, 8.847684696679689 ] } },
{ "type": "Feature", "properties": { "_uid0_": 828, "id": 37699, "adm3_psgc": 1606816000.0, "adm4_psgc": 1606816008.0, "barangay": "LIBAS GUA" }, "geometry": { "type": "Point", "coordinates": [ 126.069689634632596, 8.966724339595087 ] } },
{ "type": "Feature", "properties": { "_uid0_": 829, "id": 37596, "adm3_psgc": 1606809000.0, "adm4_psgc": 1606809023.0, "barangay": "PORT LAMON" }, "geometry": { "type": "Point", "coordinates": [ 126.364636066560834, 8.478441142371921 ] } },
{ "type": "Feature", "properties": { "_uid0_": 830, "id": 37801, "adm3_psgc": 1608501000.0, "adm4_psgc": 1608501023.0, "barangay": "ROMA" }, "geometry": { "type": "Point", "coordinates": [ 125.525391591978519, 10.098745224320695 ] } },
{ "type": "Feature", "properties": { "_uid0_": 831, "id": 37593, "adm3_psgc": 1606809000.0, "adm4_psgc": 1606809017.0, "barangay": "MALIGAYA" }, "geometry": { "type": "Point", "coordinates": [ 126.253247813696717, 8.389828076817393 ] } },
{ "type": "Feature", "properties": { "_uid0_": 832, "id": 37600, "adm3_psgc": 1606809000.0, "adm4_psgc": 1606809034.0, "barangay": "TAGASAKA" }, "geometry": { "type": "Point", "coordinates": [ 126.27187224426622, 8.355973138671176 ] } },
{ "type": "Feature", "properties": { "_uid0_": 833, "id": 37605, "adm3_psgc": 1606809000.0, "adm4_psgc": 1606809041.0, "barangay": "BENIGNO AQUINO" }, "geometry": { "type": "Point", "coordinates": [ 126.342469875407289, 8.367455719005209 ] } },
{ "type": "Feature", "properties": { "_uid0_": 834, "id": 37606, "adm3_psgc": 1606809000.0, "adm4_psgc": 1606809042.0, "barangay": "ZONE II" }, "geometry": { "type": "Point", "coordinates": [ 126.34516392771377, 8.374405182491717 ] } },
{ "type": "Feature", "properties": { "_uid0_": 835, "id": 37694, "adm3_psgc": 1606816000.0, "adm4_psgc": 1606816003.0, "barangay": "BITAUGAN" }, "geometry": { "type": "Point", "coordinates": [ 125.942475783765332, 9.064728591703577 ] } },
{ "type": "Feature", "properties": { "_uid0_": 836, "id": 37724, "adm3_psgc": 1606817000.0, "adm4_psgc": 1606817016.0, "barangay": "SANTA FE" }, "geometry": { "type": "Point", "coordinates": [ 126.123945308352475, 8.475924367960072 ] } },
{ "type": "Feature", "properties": { "_uid0_": 837, "id": 37944, "adm3_psgc": 1630400000.0, "adm4_psgc": 1630400080.0, "barangay": "SUMILIHON" }, "geometry": { "type": "Point", "coordinates": [ 125.611523570198941, 8.988917846691846 ] } },
{ "type": "Feature", "properties": { "_uid0_": 838, "id": 37776, "adm3_psgc": 1606819000.0, "adm4_psgc": 1606819019.0, "barangay": "SAN ANTONIO" }, "geometry": { "type": "Point", "coordinates": [ 126.12140646422344, 9.138751211956963 ] } },
{ "type": "Feature", "properties": { "_uid0_": 839, "id": 37827, "adm3_psgc": 1608503000.0, "adm4_psgc": 1608503012.0, "barangay": "WHITE BEACH" }, "geometry": { "type": "Point", "coordinates": [ 125.594855059945331, 9.954876139978527 ] } },
{ "type": "Feature", "properties": { "_uid0_": 840, "id": 37942, "adm3_psgc": 1630400000.0, "adm4_psgc": 1630400078.0, "barangay": "SIKATUNA POB." }, "geometry": { "type": "Point", "coordinates": [ 125.542977209669132, 8.948658613972048 ] } },
{ "type": "Feature", "properties": { "_uid0_": 841, "id": 37950, "adm3_psgc": 1630400000.0, "adm4_psgc": 1630400087.0, "barangay": "TUNGAO" }, "geometry": { "type": "Point", "coordinates": [ 125.568336070889387, 8.774470179455587 ] } },
{ "type": "Feature", "properties": { "_uid0_": 842, "id": 37951, "adm3_psgc": 1630400000.0, "adm4_psgc": 1630400089.0, "barangay": "URDUJA POB." }, "geometry": { "type": "Point", "coordinates": [ 125.544528966860398, 8.948013161321484 ] } },
{ "type": "Feature", "properties": { "_uid0_": 843, "id": 37191, "adm3_psgc": 1606707000.0, "adm4_psgc": 1606707015.0, "barangay": "BARANGAY 11" }, "geometry": { "type": "Point", "coordinates": [ 126.050150494463992, 9.757118656656788 ] } },
{ "type": "Feature", "properties": { "_uid0_": 844, "id": 37678, "adm3_psgc": 1606814000.0, "adm4_psgc": 1606814012.0, "barangay": "SANTA CRUZ" }, "geometry": { "type": "Point", "coordinates": [ 126.312633788027568, 8.835695340511281 ] } },
{ "type": "Feature", "properties": { "_uid0_": 845, "id": 36857, "adm3_psgc": 1600301000.0, "adm4_psgc": 1600301043.0, "barangay": "PINAGALAAN" }, "geometry": { "type": "Point", "coordinates": [ 125.801176109489148, 8.749238347454849 ] } },
{ "type": "Feature", "properties": { "_uid0_": 846, "id": 37221, "adm3_psgc": 1606708000.0, "adm4_psgc": 1606708021.0, "barangay": "SAN FERNANDO" }, "geometry": { "type": "Point", "coordinates": [ 125.94596004070479, 9.872954213388208 ] } },
{ "type": "Feature", "properties": { "_uid0_": 847, "id": 37222, "adm3_psgc": 1606708000.0, "adm4_psgc": 1606708022.0, "barangay": "SAN JOSE" }, "geometry": { "type": "Point", "coordinates": [ 125.967440090368925, 9.873743703772609 ] } },
{ "type": "Feature", "properties": { "_uid0_": 848, "id": 37231, "adm3_psgc": 1606710000.0, "adm4_psgc": 1606710006.0, "barangay": "DAKU" }, "geometry": { "type": "Point", "coordinates": [ 126.163269994501931, 9.740652644969199 ] } },
{ "type": "Feature", "properties": { "_uid0_": 849, "id": 37474, "adm3_psgc": 1606801000.0, "adm4_psgc": 1606801005.0, "barangay": "CAMBAGANG" }, "geometry": { "type": "Point", "coordinates": [ 126.029027084243467, 8.502650785723844 ] } },
{ "type": "Feature", "properties": { "_uid0_": 850, "id": 37114, "adm3_psgc": 1600314000.0, "adm4_psgc": 1600314003.0, "barangay": "BANAGBANAG" }, "geometry": { "type": "Point", "coordinates": [ 125.809508452773031, 8.941083287343869 ] } },
{ "type": "Feature", "properties": { "_uid0_": 851, "id": 37195, "adm3_psgc": 1606707000.0, "adm4_psgc": 1606707019.0, "barangay": "BARANGAY 4" }, "geometry": { "type": "Point", "coordinates": [ 126.053321502979173, 9.761478303728948 ] } },
{ "type": "Feature", "properties": { "_uid0_": 852, "id": 36856, "adm3_psgc": 1600301000.0, "adm4_psgc": 1600301042.0, "barangay": "NEW SALEM" }, "geometry": { "type": "Point", "coordinates": [ 125.871347252548958, 8.797481918262946 ] } },
{ "type": "Feature", "properties": { "_uid0_": 853, "id": 37304, "adm3_psgc": 1606716000.0, "adm4_psgc": 1606716012.0, "barangay": "CONSOLACION" }, "geometry": { "type": "Point", "coordinates": [ 126.107203867895052, 9.88024835198692 ] } },
{ "type": "Feature", "properties": { "_uid0_": 854, "id": 36895, "adm3_psgc": 1600303000.0, "adm4_psgc": 1600303022.0, "barangay": "SAN TORIBIO" }, "geometry": { "type": "Point", "coordinates": [ 125.74024144790846, 8.639525107002347 ] } },
{ "type": "Feature", "properties": { "_uid0_": 855, "id": 37111, "adm3_psgc": 1600313000.0, "adm4_psgc": 1600313020.0, "barangay": "SISIMON" }, "geometry": { "type": "Point", "coordinates": [ 125.860668626565939, 7.958988704502262 ] } },
{ "type": "Feature", "properties": { "_uid0_": 856, "id": 36921, "adm3_psgc": 1600303000.0, "adm4_psgc": 1600303049.0, "barangay": "VALENTINA" }, "geometry": { "type": "Point", "coordinates": [ 125.746141883307786, 8.57125544830239 ] } },
{ "type": "Feature", "properties": { "_uid0_": 857, "id": 37113, "adm3_psgc": 1600314000.0, "adm4_psgc": 1600314002.0, "barangay": "ANAHAWAN" }, "geometry": { "type": "Point", "coordinates": [ 125.660452673143155, 8.830235047091008 ] } },
{ "type": "Feature", "properties": { "_uid0_": 858, "id": 37115, "adm3_psgc": 1600314000.0, "adm4_psgc": 1600314004.0, "barangay": "DEL ROSARIO" }, "geometry": { "type": "Point", "coordinates": [ 125.703371092354288, 8.857857742554947 ] } },
{ "type": "Feature", "properties": { "_uid0_": 859, "id": 36955, "adm3_psgc": 1600306000.0, "adm4_psgc": 1600306002.0, "barangay": "AWA" }, "geometry": { "type": "Point", "coordinates": [ 125.904018996343737, 8.636015281103198 ] } },
{ "type": "Feature", "properties": { "_uid0_": 860, "id": 37162, "adm3_psgc": 1606704000.0, "adm4_psgc": 1606704006.0, "barangay": "MATIN-AO" }, "geometry": { "type": "Point", "coordinates": [ 126.072472730016003, 10.00872521882625 ] } },
{ "type": "Feature", "properties": { "_uid0_": 861, "id": 37163, "adm3_psgc": 1606706000.0, "adm4_psgc": 1606706001.0, "barangay": "CABUGO" }, "geometry": { "type": "Point", "coordinates": [ 125.749114453826138, 9.517605484111815 ] } },
{ "type": "Feature", "properties": { "_uid0_": 862, "id": 37164, "adm3_psgc": 1606706000.0, "adm4_psgc": 1606706002.0, "barangay": "CAGDIANAO" }, "geometry": { "type": "Point", "coordinates": [ 125.815408224669923, 9.440004874298245 ] } },
{ "type": "Feature", "properties": { "_uid0_": 863, "id": 37156, "adm3_psgc": 1606702000.0, "adm4_psgc": 1606702009.0, "barangay": "SANTO ROSARIO" }, "geometry": { "type": "Point", "coordinates": [ 125.61450339062317, 9.594983839157782 ] } },
{ "type": "Feature", "properties": { "_uid0_": 864, "id": 37168, "adm3_psgc": 1606706000.0, "adm4_psgc": 1606706006.0, "barangay": "LAPINIGAN" }, "geometry": { "type": "Point", "coordinates": [ 125.761143748953884, 9.579227149147819 ] } },
{ "type": "Feature", "properties": { "_uid0_": 865, "id": 37190, "adm3_psgc": 1606707000.0, "adm4_psgc": 1606707014.0, "barangay": "BARANGAY 10" }, "geometry": { "type": "Point", "coordinates": [ 126.051308240720971, 9.762743291014592 ] } },
{ "type": "Feature", "properties": { "_uid0_": 866, "id": 37228, "adm3_psgc": 1606710000.0, "adm4_psgc": 1606710003.0, "barangay": "CATANGNAN" }, "geometry": { "type": "Point", "coordinates": [ 126.157234204749471, 9.804501957138068 ] } },
{ "type": "Feature", "properties": { "_uid0_": 867, "id": 37237, "adm3_psgc": 1606710000.0, "adm4_psgc": 1606710012.0, "barangay": "LA JANUZA" }, "geometry": { "type": "Point", "coordinates": [ 126.177288761197545, 9.633565095768972 ] } },
{ "type": "Feature", "properties": { "_uid0_": 868, "id": 37243, "adm3_psgc": 1606710000.0, "adm4_psgc": 1606710019.0, "barangay": "SUYANGAN" }, "geometry": { "type": "Point", "coordinates": [ 126.176432833036003, 9.617523223010695 ] } },
{ "type": "Feature", "properties": { "_uid0_": 869, "id": 37804, "adm3_psgc": 1608501000.0, "adm4_psgc": 1608501026.0, "barangay": "SOMBRADO" }, "geometry": { "type": "Point", "coordinates": [ 125.594873728144165, 10.123501878274684 ] } },
{ "type": "Feature", "properties": { "_uid0_": 870, "id": 37287, "adm3_psgc": 1606715000.0, "adm4_psgc": 1606715010.0, "barangay": "PILI" }, "geometry": { "type": "Point", "coordinates": [ 125.452273699588233, 9.490854481495763 ] } },
{ "type": "Feature", "properties": { "_uid0_": 871, "id": 37292, "adm3_psgc": 1606715000.0, "adm4_psgc": 1606715016.0, "barangay": "VILLARIZA" }, "geometry": { "type": "Point", "coordinates": [ 125.451163087799344, 9.537681885356051 ] } },
{ "type": "Feature", "properties": { "_uid0_": 872, "id": 37293, "adm3_psgc": 1606716000.0, "adm4_psgc": 1606716001.0, "barangay": "CARIDAD" }, "geometry": { "type": "Point", "coordinates": [ 126.102850316376788, 9.903130489310959 ] } },
{ "type": "Feature", "properties": { "_uid0_": 873, "id": 37316, "adm3_psgc": 1606717000.0, "adm4_psgc": 1606717010.0, "barangay": "LAKANDULA" }, "geometry": { "type": "Point", "coordinates": [ 125.652016090532072, 9.67202397079525 ] } },
{ "type": "Feature", "properties": { "_uid0_": 874, "id": 37320, "adm3_psgc": 1606717000.0, "adm4_psgc": 1606717014.0, "barangay": "MAGUPANGE" }, "geometry": { "type": "Point", "coordinates": [ 125.558258497013327, 9.654171729136026 ] } },
{ "type": "Feature", "properties": { "_uid0_": 875, "id": 37339, "adm3_psgc": 1606719000.0, "adm4_psgc": 1606719006.0, "barangay": "JUBGAN" }, "geometry": { "type": "Point", "coordinates": [ 125.415387107029318, 9.676342924240577 ] } },
{ "type": "Feature", "properties": { "_uid0_": 876, "id": 37345, "adm3_psgc": 1606720000.0, "adm4_psgc": 1606720001.0, "barangay": "BUHING CALIPAY" }, "geometry": { "type": "Point", "coordinates": [ 126.067755305809541, 9.943670071519144 ] } },
{ "type": "Feature", "properties": { "_uid0_": 877, "id": 37375, "adm3_psgc": 1606722000.0, "adm4_psgc": 1606722009.0, "barangay": "SAN ISIDRO" }, "geometry": { "type": "Point", "coordinates": [ 125.511451834741251, 9.653391457504966 ] } },
{ "type": "Feature", "properties": { "_uid0_": 878, "id": 37410, "adm3_psgc": 1606724000.0, "adm4_psgc": 1606724018.0, "barangay": "CATADMAN" }, "geometry": { "type": "Point", "coordinates": [ 125.512933692345001, 9.916280233456266 ] } },
{ "type": "Feature", "properties": { "_uid0_": 879, "id": 37299, "adm3_psgc": 1606716000.0, "adm4_psgc": 1606716007.0, "barangay": "SAN ROQUE" }, "geometry": { "type": "Point", "coordinates": [ 126.075252347634901, 9.88004420221214 ] } },
{ "type": "Feature", "properties": { "_uid0_": 880, "id": 37784, "adm3_psgc": 1608501000.0, "adm4_psgc": 1608501006.0, "barangay": "DOÑA HELENE" }, "geometry": { "type": "Point", "coordinates": [ 125.610282898911947, 10.042912361829076 ] } },
{ "type": "Feature", "properties": { "_uid0_": 881, "id": 37796, "adm3_psgc": 1608501000.0, "adm4_psgc": 1608501018.0, "barangay": "TAG-ABACA" }, "geometry": { "type": "Point", "coordinates": [ 125.608361308097486, 10.056457160968785 ] } },
{ "type": "Feature", "properties": { "_uid0_": 882, "id": 37550, "adm3_psgc": 1606805000.0, "adm4_psgc": 1606805018.0, "barangay": "SAN PEDRO" }, "geometry": { "type": "Point", "coordinates": [ 125.970712373150505, 9.349533957866864 ] } },
{ "type": "Feature", "properties": { "_uid0_": 883, "id": 37563, "adm3_psgc": 1606807000.0, "adm4_psgc": 1606807005.0, "barangay": "BON-OT" }, "geometry": { "type": "Point", "coordinates": [ 125.917539440888405, 9.37702877750306 ] } },
{ "type": "Feature", "properties": { "_uid0_": 884, "id": 37574, "adm3_psgc": 1606808000.0, "adm4_psgc": 1606808002.0, "barangay": "BURGOS" }, "geometry": { "type": "Point", "coordinates": [ 126.16297009396601, 9.242947672010793 ] } },
{ "type": "Feature", "properties": { "_uid0_": 885, "id": 37721, "adm3_psgc": 1606817000.0, "adm4_psgc": 1606817013.0, "barangay": "QUEZON" }, "geometry": { "type": "Point", "coordinates": [ 126.14653770447606, 8.49376289120684 ] } },
{ "type": "Feature", "properties": { "_uid0_": 886, "id": 37733, "adm3_psgc": 1606817000.0, "adm4_psgc": 1606817025.0, "barangay": "DOÑA CARMEN" }, "geometry": { "type": "Point", "coordinates": [ 126.197739570418619, 8.319155435164459 ] } },
{ "type": "Feature", "properties": { "_uid0_": 887, "id": 37850, "adm3_psgc": 1608505000.0, "adm4_psgc": 1608505002.0, "barangay": "ESPERANZA" }, "geometry": { "type": "Point", "coordinates": [ 125.640897037097744, 10.382029940411071 ] } },
{ "type": "Feature", "properties": { "_uid0_": 888, "id": 37874, "adm3_psgc": 1608507000.0, "adm4_psgc": 1608507004.0, "barangay": "NAVARRO" }, "geometry": { "type": "Point", "coordinates": [ 125.578597771314634, 10.27453442418066 ] } },
{ "type": "Feature", "properties": { "_uid0_": 889, "id": 37873, "adm3_psgc": 1608507000.0, "adm4_psgc": 1608507003.0, "barangay": "MALINAO" }, "geometry": { "type": "Point", "coordinates": [ 125.627569781966287, 10.238818228013827 ] } },
{ "type": "Feature", "properties": { "_uid0_": 890, "id": 37879, "adm3_psgc": 1608507000.0, "adm4_psgc": 1608507009.0, "barangay": "SANTA CRUZ" }, "geometry": { "type": "Point", "coordinates": [ 125.551953921628893, 10.308500845624451 ] } },
{ "type": "Feature", "properties": { "_uid0_": 891, "id": 37893, "adm3_psgc": 1630400000.0, "adm4_psgc": 1630400018.0, "barangay": "BAOBAOAN" }, "geometry": { "type": "Point", "coordinates": [ 125.581017374620416, 9.0199472212652 ] } },
{ "type": "Feature", "properties": { "_uid0_": 892, "id": 37476, "adm3_psgc": 1606801000.0, "adm4_psgc": 1606801007.0, "barangay": "DAPDAP" }, "geometry": { "type": "Point", "coordinates": [ 126.130560297759345, 8.531355820384105 ] } },
{ "type": "Feature", "properties": { "_uid0_": 893, "id": 36972, "adm3_psgc": 1600306000.0, "adm4_psgc": 1600306021.0, "barangay": "SALVACION" }, "geometry": { "type": "Point", "coordinates": [ 125.936500942129356, 8.584995197532102 ] } },
{ "type": "Feature", "properties": { "_uid0_": 894, "id": 37480, "adm3_psgc": 1606801000.0, "adm4_psgc": 1606801011.0, "barangay": "KINAYAN" }, "geometry": { "type": "Point", "coordinates": [ 126.140578951941578, 8.525422537009863 ] } },
{ "type": "Feature", "properties": { "_uid0_": 895, "id": 36825, "adm3_psgc": 1600301000.0, "adm4_psgc": 1600301004.0, "barangay": "HAMOGAWAY" }, "geometry": { "type": "Point", "coordinates": [ 125.800658996839218, 8.705053395845404 ] } },
{ "type": "Feature", "properties": { "_uid0_": 896, "id": 36714, "adm3_psgc": 1600204000.0, "adm4_psgc": 1600204009.0, "barangay": "POBLACION" }, "geometry": { "type": "Point", "coordinates": [ 125.281393203110284, 8.922071878555224 ] } },
{ "type": "Feature", "properties": { "_uid0_": 897, "id": 36731, "adm3_psgc": 1600205000.0, "adm4_psgc": 1600205013.0, "barangay": "SAN PABLO" }, "geometry": { "type": "Point", "coordinates": [ 125.498100406325761, 9.378632909941263 ] } },
{ "type": "Feature", "properties": { "_uid0_": 898, "id": 36823, "adm3_psgc": 1600301000.0, "adm4_psgc": 1600301002.0, "barangay": "CHARITO" }, "geometry": { "type": "Point", "coordinates": [ 125.755641029919786, 8.660941464523534 ] } },
{ "type": "Feature", "properties": { "_uid0_": 899, "id": 36937, "adm3_psgc": 1600305000.0, "adm4_psgc": 1600305001.0, "barangay": "BINUCAYAN" }, "geometry": { "type": "Point", "coordinates": [ 125.821593904686083, 8.015482675360847 ] } },
{ "type": "Feature", "properties": { "_uid0_": 900, "id": 36938, "adm3_psgc": 1600305000.0, "adm4_psgc": 1600305002.0, "barangay": "JOHNSON" }, "geometry": { "type": "Point", "coordinates": [ 125.835764987160417, 8.081250639529276 ] } },
{ "type": "Feature", "properties": { "_uid0_": 901, "id": 36899, "adm3_psgc": 1600303000.0, "adm4_psgc": 1600303027.0, "barangay": "TAGANAHAW" }, "geometry": { "type": "Point", "coordinates": [ 125.682407569527342, 8.704438343821646 ] } },
{ "type": "Feature", "properties": { "_uid0_": 902, "id": 37948, "adm3_psgc": 1630400000.0, "adm4_psgc": 1630400085.0, "barangay": "TANDANG SORA POB." }, "geometry": { "type": "Point", "coordinates": [ 125.535859364848235, 8.948569518259699 ] } },
{ "type": "Feature", "properties": { "_uid0_": 903, "id": 37027, "adm3_psgc": 1600309000.0, "adm4_psgc": 1600309004.0, "barangay": "CULI" }, "geometry": { "type": "Point", "coordinates": [ 125.769823249927327, 8.503870614667303 ] } },
{ "type": "Feature", "properties": { "_uid0_": 904, "id": 36947, "adm3_psgc": 1600305000.0, "adm4_psgc": 1600305011.0, "barangay": "VIOLANTA" }, "geometry": { "type": "Point", "coordinates": [ 125.829832390887631, 8.182030312613387 ] } },
{ "type": "Feature", "properties": { "_uid0_": 905, "id": 36988, "adm3_psgc": 1600307000.0, "adm4_psgc": 1600307003.0, "barangay": "CABAWAN" }, "geometry": { "type": "Point", "coordinates": [ 125.996221002815872, 8.349289219636027 ] } },
{ "type": "Feature", "properties": { "_uid0_": 906, "id": 37412, "adm3_psgc": 1606724000.0, "adm4_psgc": 1606724020.0, "barangay": "DANAWAN" }, "geometry": { "type": "Point", "coordinates": [ 125.475126111295083, 9.920381876429442 ] } },
{ "type": "Feature", "properties": { "_uid0_": 907, "id": 36998, "adm3_psgc": 1600308000.0, "adm4_psgc": 1600308002.0, "barangay": "BAYUGAN 2" }, "geometry": { "type": "Point", "coordinates": [ 125.970679298456929, 8.454783544691164 ] } },
{ "type": "Feature", "properties": { "_uid0_": 908, "id": 36999, "adm3_psgc": 1600308000.0, "adm4_psgc": 1600308003.0, "barangay": "BORBON" }, "geometry": { "type": "Point", "coordinates": [ 125.892182299328169, 8.486075327977559 ] } },
{ "type": "Feature", "properties": { "_uid0_": 909, "id": 37262, "adm3_psgc": 1606714000.0, "adm4_psgc": 1606714005.0, "barangay": "MABINI" }, "geometry": { "type": "Point", "coordinates": [ 125.536147154015595, 9.544518624590047 ] } },
{ "type": "Feature", "properties": { "_uid0_": 910, "id": 37004, "adm3_psgc": 1600308000.0, "adm4_psgc": 1600308009.0, "barangay": "LUCAC" }, "geometry": { "type": "Point", "coordinates": [ 125.972147844217645, 8.579076523876227 ] } },
{ "type": "Feature", "properties": { "_uid0_": 911, "id": 37008, "adm3_psgc": 1600308000.0, "adm4_psgc": 1600308013.0, "barangay": "PISA-AN" }, "geometry": { "type": "Point", "coordinates": [ 125.946685789109637, 8.52819929508482 ] } },
{ "type": "Feature", "properties": { "_uid0_": 912, "id": 37072, "adm3_psgc": 1600311000.0, "adm4_psgc": 1600311014.0, "barangay": "LA FLORA" }, "geometry": { "type": "Point", "coordinates": [ 125.816741000240825, 8.402532430129858 ] } },
{ "type": "Feature", "properties": { "_uid0_": 913, "id": 37020, "adm3_psgc": 1600308000.0, "adm4_psgc": 1600308027.0, "barangay": "DAS-AGAN" }, "geometry": { "type": "Point", "coordinates": [ 126.01215396985306, 8.547234837408393 ] } },
{ "type": "Feature", "properties": { "_uid0_": 914, "id": 37033, "adm3_psgc": 1600309000.0, "adm4_psgc": 1600309010.0, "barangay": "CECILIA" }, "geometry": { "type": "Point", "coordinates": [ 125.784889660624998, 8.55666411086133 ] } },
{ "type": "Feature", "properties": { "_uid0_": 915, "id": 37043, "adm3_psgc": 1600309000.0, "adm4_psgc": 1600309020.0, "barangay": "SAN ISIDRO" }, "geometry": { "type": "Point", "coordinates": [ 125.775406631209307, 8.537647000021753 ] } },
{ "type": "Feature", "properties": { "_uid0_": 916, "id": 37633, "adm3_psgc": 1606811000.0, "adm4_psgc": 1606811012.0, "barangay": "SAN ISIDRO" }, "geometry": { "type": "Point", "coordinates": [ 126.046345698808267, 8.714824741063685 ] } },
{ "type": "Feature", "properties": { "_uid0_": 917, "id": 37051, "adm3_psgc": 1600310000.0, "adm4_psgc": 1600310003.0, "barangay": "AWAO" }, "geometry": { "type": "Point", "coordinates": [ 126.004051536873931, 7.964383681531412 ] } },
{ "type": "Feature", "properties": { "_uid0_": 918, "id": 37061, "adm3_psgc": 1600311000.0, "adm4_psgc": 1600311002.0, "barangay": "CAUSWAGAN" }, "geometry": { "type": "Point", "coordinates": [ 125.842898297286794, 8.441128216894901 ] } },
{ "type": "Feature", "properties": { "_uid0_": 919, "id": 37075, "adm3_psgc": 1600311000.0, "adm4_psgc": 1600311017.0, "barangay": "BATUCAN" }, "geometry": { "type": "Point", "coordinates": [ 125.840539986383007, 8.465285108671592 ] } },
{ "type": "Feature", "properties": { "_uid0_": 920, "id": 37084, "adm3_psgc": 1600312000.0, "adm4_psgc": 1600312009.0, "barangay": "SAN IGNACIO" }, "geometry": { "type": "Point", "coordinates": [ 126.148131306686366, 8.010659934170185 ] } },
{ "type": "Feature", "properties": { "_uid0_": 921, "id": 37098, "adm3_psgc": 1600313000.0, "adm4_psgc": 1600313007.0, "barangay": "MASAYAN" }, "geometry": { "type": "Point", "coordinates": [ 125.904733647998214, 8.063261088403225 ] } },
{ "type": "Feature", "properties": { "_uid0_": 922, "id": 37085, "adm3_psgc": 1600312000.0, "adm4_psgc": 1600312010.0, "barangay": "SAN ISIDRO" }, "geometry": { "type": "Point", "coordinates": [ 126.1661598318898, 8.088867407323306 ] } },
{ "type": "Feature", "properties": { "_uid0_": 923, "id": 37103, "adm3_psgc": 1600313000.0, "adm4_psgc": 1600313012.0, "barangay": "SINOBONG" }, "geometry": { "type": "Point", "coordinates": [ 125.909812605540736, 7.965121229515267 ] } },
{ "type": "Feature", "properties": { "_uid0_": 924, "id": 37146, "adm3_psgc": 1606701000.0, "adm4_psgc": 1606701011.0, "barangay": "ANAHAW" }, "geometry": { "type": "Point", "coordinates": [ 125.56787795837856, 9.475334656281476 ] } },
{ "type": "Feature", "properties": { "_uid0_": 925, "id": 37161, "adm3_psgc": 1606704000.0, "adm4_psgc": 1606704005.0, "barangay": "SAN MATEO" }, "geometry": { "type": "Point", "coordinates": [ 126.07589306442928, 9.99536562979095 ] } },
{ "type": "Feature", "properties": { "_uid0_": 926, "id": 37367, "adm3_psgc": 1606721000.0, "adm4_psgc": 1606721012.0, "barangay": "TANGBO" }, "geometry": { "type": "Point", "coordinates": [ 126.052315013040854, 10.04843811276627 ] } },
{ "type": "Feature", "properties": { "_uid0_": 927, "id": 37368, "adm3_psgc": 1606722000.0, "adm4_psgc": 1606722001.0, "barangay": "BIYABID" }, "geometry": { "type": "Point", "coordinates": [ 125.520131989249563, 9.629487082157272 ] } },
{ "type": "Feature", "properties": { "_uid0_": 928, "id": 37224, "adm3_psgc": 1606708000.0, "adm4_psgc": 1606708027.0, "barangay": "TUBORAN" }, "geometry": { "type": "Point", "coordinates": [ 126.036975522245399, 9.818246312695196 ] } },
{ "type": "Feature", "properties": { "_uid0_": 929, "id": 37226, "adm3_psgc": 1606710000.0, "adm4_psgc": 1606710001.0, "barangay": "ANAJAWAN" }, "geometry": { "type": "Point", "coordinates": [ 126.13706952934794, 9.608207874161316 ] } },
{ "type": "Feature", "properties": { "_uid0_": 930, "id": 37227, "adm3_psgc": 1606710000.0, "adm4_psgc": 1606710002.0, "barangay": "CABITOONAN" }, "geometry": { "type": "Point", "coordinates": [ 126.145237372616293, 9.812618989518176 ] } },
{ "type": "Feature", "properties": { "_uid0_": 931, "id": 37265, "adm3_psgc": 1606714000.0, "adm4_psgc": 1606714009.0, "barangay": "MANSAYAO" }, "geometry": { "type": "Point", "coordinates": [ 125.470806701268785, 9.511360791140365 ] } },
{ "type": "Feature", "properties": { "_uid0_": 932, "id": 37266, "adm3_psgc": 1606714000.0, "adm4_psgc": 1606714010.0, "barangay": "MARAYAG" }, "geometry": { "type": "Point", "coordinates": [ 125.523192850974326, 9.57399623784403 ] } },
{ "type": "Feature", "properties": { "_uid0_": 933, "id": 37369, "adm3_psgc": 1606722000.0, "adm4_psgc": 1606722003.0, "barangay": "GACEPAN" }, "geometry": { "type": "Point", "coordinates": [ 125.479138956271299, 9.626777083548058 ] } },
{ "type": "Feature", "properties": { "_uid0_": 934, "id": 37370, "adm3_psgc": 1606722000.0, "adm4_psgc": 1606722004.0, "barangay": "IMA" }, "geometry": { "type": "Point", "coordinates": [ 125.466055587590617, 9.661341177441116 ] } },
{ "type": "Feature", "properties": { "_uid0_": 935, "id": 37394, "adm3_psgc": 1606724000.0, "adm4_psgc": 1606724001.0, "barangay": "ALANG-ALANG" }, "geometry": { "type": "Point", "coordinates": [ 125.518347179163783, 9.883642336568718 ] } },
{ "type": "Feature", "properties": { "_uid0_": 936, "id": 37470, "adm3_psgc": 1606727000.0, "adm4_psgc": 1606727009.0, "barangay": "SAN PABLO" }, "geometry": { "type": "Point", "coordinates": [ 125.569271332393683, 9.549487993552669 ] } },
{ "type": "Feature", "properties": { "_uid0_": 937, "id": 37340, "adm3_psgc": 1606719000.0, "adm4_psgc": 1606719007.0, "barangay": "LINONGGANAN" }, "geometry": { "type": "Point", "coordinates": [ 125.413956089334434, 9.713050029322726 ] } },
{ "type": "Feature", "properties": { "_uid0_": 938, "id": 37342, "adm3_psgc": 1606719000.0, "adm4_psgc": 1606719009.0, "barangay": "MAGTANGALE" }, "geometry": { "type": "Point", "coordinates": [ 125.426318766501907, 9.728032628439053 ] } },
{ "type": "Feature", "properties": { "_uid0_": 939, "id": 37337, "adm3_psgc": 1606719000.0, "adm4_psgc": 1606719004.0, "barangay": "DIAZ" }, "geometry": { "type": "Point", "coordinates": [ 125.418409926909305, 9.768034946227752 ] } },
{ "type": "Feature", "properties": { "_uid0_": 940, "id": 37396, "adm3_psgc": 1606724000.0, "adm4_psgc": 1606724003.0, "barangay": "ANOMAR" }, "geometry": { "type": "Point", "coordinates": [ 125.477328348411547, 9.675170690943183 ] } },
{ "type": "Feature", "properties": { "_uid0_": 941, "id": 37455, "adm3_psgc": 1606725000.0, "adm4_psgc": 1606725009.0, "barangay": "LOWER LIBAS" }, "geometry": { "type": "Point", "coordinates": [ 125.544765593656578, 9.665664256116036 ] } },
{ "type": "Feature", "properties": { "_uid0_": 942, "id": 37434, "adm3_psgc": 1606724000.0, "adm4_psgc": 1606724042.0, "barangay": "SAN PEDRO" }, "geometry": { "type": "Point", "coordinates": [ 125.583856826679138, 9.874471582124366 ] } },
{ "type": "Feature", "properties": { "_uid0_": 943, "id": 37436, "adm3_psgc": 1606724000.0, "adm4_psgc": 1606724044.0, "barangay": "SIDLAKAN" }, "geometry": { "type": "Point", "coordinates": [ 125.515758400888615, 9.903263559831897 ] } },
{ "type": "Feature", "properties": { "_uid0_": 944, "id": 37451, "adm3_psgc": 1606725000.0, "adm4_psgc": 1606725004.0, "barangay": "CAWILAN" }, "geometry": { "type": "Point", "coordinates": [ 125.6507118870244, 9.720300714770881 ] } },
{ "type": "Feature", "properties": { "_uid0_": 945, "id": 37452, "adm3_psgc": 1606725000.0, "adm4_psgc": 1606725005.0, "barangay": "FABIO" }, "geometry": { "type": "Point", "coordinates": [ 125.628823046819392, 9.715966508063204 ] } },
{ "type": "Feature", "properties": { "_uid0_": 946, "id": 37640, "adm3_psgc": 1606812000.0, "adm4_psgc": 1606812006.0, "barangay": "MAHAYAHAY" }, "geometry": { "type": "Point", "coordinates": [ 126.3765318090379, 8.098633341300049 ] } },
{ "type": "Feature", "properties": { "_uid0_": 947, "id": 37734, "adm3_psgc": 1606817000.0, "adm4_psgc": 1606817026.0, "barangay": "HINAGDANAN" }, "geometry": { "type": "Point", "coordinates": [ 126.095751239623837, 8.417275201638164 ] } },
{ "type": "Feature", "properties": { "_uid0_": 948, "id": 37665, "adm3_psgc": 1606813000.0, "adm4_psgc": 1606813013.0, "barangay": "UNION" }, "geometry": { "type": "Point", "coordinates": [ 126.002402202273672, 9.270190728424398 ] } },
{ "type": "Feature", "properties": { "_uid0_": 949, "id": 37845, "adm3_psgc": 1608504000.0, "adm4_psgc": 1608504013.0, "barangay": "SAN JOSE" }, "geometry": { "type": "Point", "coordinates": [ 125.572898384680386, 10.183023719770041 ] } },
{ "type": "Feature", "properties": { "_uid0_": 950, "id": 37914, "adm3_psgc": 1630400000.0, "adm4_psgc": 1630400047.0, "barangay": "HOLY REDEEMER POB." }, "geometry": { "type": "Point", "coordinates": [ 125.531873200803787, 8.95753295623974 ] } },
{ "type": "Feature", "properties": { "_uid0_": 951, "id": 37847, "adm3_psgc": 1608504000.0, "adm4_psgc": 1608504015.0, "barangay": "LLAMERA" }, "geometry": { "type": "Point", "coordinates": [ 125.574044043557151, 10.149245500433299 ] } },
{ "type": "Feature", "properties": { "_uid0_": 952, "id": 37711, "adm3_psgc": 1606817000.0, "adm4_psgc": 1606817002.0, "barangay": "CARPENITO" }, "geometry": { "type": "Point", "coordinates": [ 126.232677794792664, 8.428442002917317 ] } },
{ "type": "Feature", "properties": { "_uid0_": 953, "id": 37712, "adm3_psgc": 1606817000.0, "adm4_psgc": 1606817003.0, "barangay": "KAHAYAGAN" }, "geometry": { "type": "Point", "coordinates": [ 126.256344997770341, 8.458972999102603 ] } },
{ "type": "Feature", "properties": { "_uid0_": 954, "id": 37714, "adm3_psgc": 1606817000.0, "adm4_psgc": 1606817006.0, "barangay": "MAGLAMBING" }, "geometry": { "type": "Point", "coordinates": [ 126.193885901136355, 8.43142055570968 ] } },
{ "type": "Feature", "properties": { "_uid0_": 955, "id": 37919, "adm3_psgc": 1630400000.0, "adm4_psgc": 1630400053.0, "barangay": "LEON KILAT POB." }, "geometry": { "type": "Point", "coordinates": [ 125.543000766383159, 8.950968471529878 ] } },
{ "type": "Feature", "properties": { "_uid0_": 956, "id": 37770, "adm3_psgc": 1606819000.0, "adm4_psgc": 1606819013.0, "barangay": "PANGI" }, "geometry": { "type": "Point", "coordinates": [ 126.107894252867695, 9.114135211596816 ] } },
{ "type": "Feature", "properties": { "_uid0_": 957, "id": 37773, "adm3_psgc": 1606819000.0, "adm4_psgc": 1606819016.0, "barangay": "SALVACION" }, "geometry": { "type": "Point", "coordinates": [ 126.114337132184815, 9.117386992196012 ] } },
{ "type": "Feature", "properties": { "_uid0_": 958, "id": 37869, "adm3_psgc": 1608506000.0, "adm4_psgc": 1608506011.0, "barangay": "SANTA CRUZ" }, "geometry": { "type": "Point", "coordinates": [ 125.580732704586978, 10.020495937265963 ] } },
{ "type": "Feature", "properties": { "_uid0_": 959, "id": 37870, "adm3_psgc": 1608506000.0, "adm4_psgc": 1608506012.0, "barangay": "WILSON" }, "geometry": { "type": "Point", "coordinates": [ 125.588019257061262, 10.035056621433293 ] } },
{ "type": "Feature", "properties": { "_uid0_": 960, "id": 37871, "adm3_psgc": 1608507000.0, "adm4_psgc": 1608507001.0, "barangay": "IMELDA" }, "geometry": { "type": "Point", "coordinates": [ 125.536117867779353, 10.290969269312281 ] } },
{ "type": "Feature", "properties": { "_uid0_": 961, "id": 37872, "adm3_psgc": 1608507000.0, "adm4_psgc": 1608507002.0, "barangay": "MABINI" }, "geometry": { "type": "Point", "coordinates": [ 125.584379029823282, 10.313260736695822 ] } },
{ "type": "Feature", "properties": { "_uid0_": 962, "id": 37880, "adm3_psgc": 1630400000.0, "adm4_psgc": 1630400002.0, "barangay": "AGAO POB." }, "geometry": { "type": "Point", "coordinates": [ 125.54484934626484, 8.943917674805574 ] } },
{ "type": "Feature", "properties": { "_uid0_": 963, "id": 37934, "adm3_psgc": 1630400000.0, "adm4_psgc": 1630400070.0, "barangay": "NEW SOCIETY VILLAGE POB." }, "geometry": { "type": "Point", "coordinates": [ 125.539612014532821, 8.946527313154158 ] } },
{ "type": "Feature", "properties": { "_uid0_": 964, "id": 37935, "adm3_psgc": 1630400000.0, "adm4_psgc": 1630400071.0, "barangay": "ONG YIU POB." }, "geometry": { "type": "Point", "coordinates": [ 125.540077307182244, 8.955896404011993 ] } },
{ "type": "Feature", "properties": { "_uid0_": 965, "id": 37889, "adm3_psgc": 1630400000.0, "adm4_psgc": 1630400013.0, "barangay": "BABAG" }, "geometry": { "type": "Point", "coordinates": [ 125.513146237641152, 8.978339630237166 ] } },
{ "type": "Feature", "properties": { "_uid0_": 966, "id": 37897, "adm3_psgc": 1630400000.0, "adm4_psgc": 1630400022.0, "barangay": "BIT-OS" }, "geometry": { "type": "Point", "coordinates": [ 125.521603942499752, 8.881115575458821 ] } },
{ "type": "Feature", "properties": { "_uid0_": 967, "id": 37928, "adm3_psgc": 1630400000.0, "adm4_psgc": 1630400064.0, "barangay": "MANDAMO" }, "geometry": { "type": "Point", "coordinates": [ 125.609243077744878, 8.762956215916017 ] } },
{ "type": "Feature", "properties": { "_uid0_": 968, "id": 37945, "adm3_psgc": 1630400000.0, "adm4_psgc": 1630400082.0, "barangay": "TAGABACA" }, "geometry": { "type": "Point", "coordinates": [ 125.569704074529653, 8.904868924646992 ] } },
{ "type": "Feature", "properties": { "_uid0_": 969, "id": 37932, "adm3_psgc": 1630400000.0, "adm4_psgc": 1630400068.0, "barangay": "MAUG" }, "geometry": { "type": "Point", "coordinates": [ 125.535859346402574, 8.985124631792498 ] } },
{ "type": "Feature", "properties": { "_uid0_": 970, "id": 36990, "adm3_psgc": 1600307000.0, "adm4_psgc": 1600307005.0, "barangay": "NOVELE" }, "geometry": { "type": "Point", "coordinates": [ 125.945033872476614, 8.340051406414933 ] } },
{ "type": "Feature", "properties": { "_uid0_": 971, "id": 36934, "adm3_psgc": 1600304000.0, "adm4_psgc": 1600304013.0, "barangay": "SABANG ADGAWAN" }, "geometry": { "type": "Point", "coordinates": [ 125.863518283547037, 8.291917955094638 ] } },
{ "type": "Feature", "properties": { "_uid0_": 972, "id": 37018, "adm3_psgc": 1600308000.0, "adm4_psgc": 1600308025.0, "barangay": "BITAN-AGAN" }, "geometry": { "type": "Point", "coordinates": [ 125.985606349375814, 8.553008389938922 ] } },
{ "type": "Feature", "properties": { "_uid0_": 973, "id": 37024, "adm3_psgc": 1600309000.0, "adm4_psgc": 1600309001.0, "barangay": "ANISLAGAN" }, "geometry": { "type": "Point", "coordinates": [ 125.795678719341652, 8.589945065047171 ] } },
{ "type": "Feature", "properties": { "_uid0_": 974, "id": 37626, "adm3_psgc": 1606811000.0, "adm4_psgc": 1606811005.0, "barangay": "DIATAGON" }, "geometry": { "type": "Point", "coordinates": [ 126.099985961179414, 8.734349328002443 ] } },
{ "type": "Feature", "properties": { "_uid0_": 975, "id": 37627, "adm3_psgc": 1606811000.0, "adm4_psgc": 1606811006.0, "barangay": "GANAYON" }, "geometry": { "type": "Point", "coordinates": [ 126.083201840142735, 8.707787497696733 ] } },
{ "type": "Feature", "properties": { "_uid0_": 976, "id": 37201, "adm3_psgc": 1606707000.0, "adm4_psgc": 1606707025.0, "barangay": "SAN CARLOS" }, "geometry": { "type": "Point", "coordinates": [ 125.986350369740848, 9.705216838933804 ] } },
{ "type": "Feature", "properties": { "_uid0_": 977, "id": 37240, "adm3_psgc": 1606710000.0, "adm4_psgc": 1606710015.0, "barangay": "MALINAO" }, "geometry": { "type": "Point", "coordinates": [ 126.126447482538524, 9.776962179970315 ] } },
{ "type": "Feature", "properties": { "_uid0_": 978, "id": 37241, "adm3_psgc": 1606710000.0, "adm4_psgc": 1606710017.0, "barangay": "SANTA CRUZ" }, "geometry": { "type": "Point", "coordinates": [ 126.123784498294256, 9.829310194801145 ] } },
{ "type": "Feature", "properties": { "_uid0_": 979, "id": 37308, "adm3_psgc": 1606717000.0, "adm4_psgc": 1606717002.0, "barangay": "AMOSLOG" }, "geometry": { "type": "Point", "coordinates": [ 125.59542398966498, 9.638872592752399 ] } },
{ "type": "Feature", "properties": { "_uid0_": 980, "id": 36897, "adm3_psgc": 1600303000.0, "adm4_psgc": 1600303024.0, "barangay": "SEGUNDA" }, "geometry": { "type": "Point", "coordinates": [ 125.551124827487754, 8.562537078227734 ] } },
{ "type": "Feature", "properties": { "_uid0_": 981, "id": 37273, "adm3_psgc": 1606714000.0, "adm4_psgc": 1606714017.0, "barangay": "SAN JOSE" }, "geometry": { "type": "Point", "coordinates": [ 125.530161311276714, 9.555571714371412 ] } },
{ "type": "Feature", "properties": { "_uid0_": 982, "id": 37912, "adm3_psgc": 1630400000.0, "adm4_psgc": 1630400044.0, "barangay": "DAGOHOY POB." }, "geometry": { "type": "Point", "coordinates": [ 125.536227942298041, 8.944068826762175 ] } },
{ "type": "Feature", "properties": { "_uid0_": 983, "id": 37808, "adm3_psgc": 1608502000.0, "adm4_psgc": 1608502002.0, "barangay": "CABUNGA-AN" }, "geometry": { "type": "Point", "coordinates": [ 125.653070281260085, 9.919103393477721 ] } },
{ "type": "Feature", "properties": { "_uid0_": 984, "id": 37809, "adm3_psgc": 1608502000.0, "adm4_psgc": 1608502003.0, "barangay": "DEL PILAR" }, "geometry": { "type": "Point", "coordinates": [ 125.658162929707132, 10.037801809773397 ] } },
{ "type": "Feature", "properties": { "_uid0_": 985, "id": 37810, "adm3_psgc": 1608502000.0, "adm4_psgc": 1608502004.0, "barangay": "LAGUNA" }, "geometry": { "type": "Point", "coordinates": [ 125.649557614502356, 9.949138751049956 ] } },
{ "type": "Feature", "properties": { "_uid0_": 986, "id": 37815, "adm3_psgc": 1608502000.0, "adm4_psgc": 1608502009.0, "barangay": "SAN JOSE" }, "geometry": { "type": "Point", "coordinates": [ 125.663972983702635, 9.937885298082653 ] } },
{ "type": "Feature", "properties": { "_uid0_": 987, "id": 37196, "adm3_psgc": 1606707000.0, "adm4_psgc": 1606707020.0, "barangay": "BARANGAY 5" }, "geometry": { "type": "Point", "coordinates": [ 126.053042896857576, 9.762160330654686 ] } },
{ "type": "Feature", "properties": { "_uid0_": 988, "id": 36991, "adm3_psgc": 1600307000.0, "adm4_psgc": 1600307006.0, "barangay": "POBLACION" }, "geometry": { "type": "Point", "coordinates": [ 126.002676739376525, 8.384087896110767 ] } },
{ "type": "Feature", "properties": { "_uid0_": 989, "id": 37618, "adm3_psgc": 1606810000.0, "adm4_psgc": 1606810017.0, "barangay": "PAKWAN" }, "geometry": { "type": "Point", "coordinates": [ 125.980170148948488, 9.133626458608017 ] } },
{ "type": "Feature", "properties": { "_uid0_": 990, "id": 36981, "adm3_psgc": 1600306000.0, "adm4_psgc": 1600306031.0, "barangay": "SANTA IRENE" }, "geometry": { "type": "Point", "coordinates": [ 125.871451162301739, 8.672555897251309 ] } },
{ "type": "Feature", "properties": { "_uid0_": 991, "id": 37378, "adm3_psgc": 1606722000.0, "adm4_psgc": 1606722012.0, "barangay": "TINOGPAHAN" }, "geometry": { "type": "Point", "coordinates": [ 125.52558410530078, 9.671752561262219 ] } },
{ "type": "Feature", "properties": { "_uid0_": 992, "id": 37651, "adm3_psgc": 1606812000.0, "adm4_psgc": 1606812017.0, "barangay": "UNION" }, "geometry": { "type": "Point", "coordinates": [ 126.378217164515178, 7.985998381520987 ] } },
{ "type": "Feature", "properties": { "_uid0_": 993, "id": 37488, "adm3_psgc": 1606801000.0, "adm4_psgc": 1606801023.0, "barangay": "UNIDAD" }, "geometry": { "type": "Point", "coordinates": [ 126.227507964482726, 8.541813204678133 ] } },
{ "type": "Feature", "properties": { "_uid0_": 994, "id": 37866, "adm3_psgc": 1608506000.0, "adm4_psgc": 1608506008.0, "barangay": "MATINGBE" }, "geometry": { "type": "Point", "coordinates": [ 125.583078183868381, 10.0013947661442 ] } },
{ "type": "Feature", "properties": { "_uid0_": 995, "id": 37876, "adm3_psgc": 1608507000.0, "adm4_psgc": 1608507006.0, "barangay": "ROXAS" }, "geometry": { "type": "Point", "coordinates": [ 125.561478627775656, 10.338067383515746 ] } },
{ "type": "Feature", "properties": { "_uid0_": 996, "id": 37220, "adm3_psgc": 1606708000.0, "adm4_psgc": 1606708019.0, "barangay": "QUEZON" }, "geometry": { "type": "Point", "coordinates": [ 126.031575709539268, 9.831360975403802 ] } },
{ "type": "Feature", "properties": { "_uid0_": 997, "id": 37379, "adm3_psgc": 1606722000.0, "adm4_psgc": 1606722013.0, "barangay": "UPPER PATAG" }, "geometry": { "type": "Point", "coordinates": [ 125.518046053950286, 9.645170013515914 ] } },
{ "type": "Feature", "properties": { "_uid0_": 998, "id": 37121, "adm3_psgc": 1600314000.0, "adm4_psgc": 1600314010.0, "barangay": "MAGSAYSAY" }, "geometry": { "type": "Point", "coordinates": [ 125.733939642430329, 8.900530711288082 ] } },
{ "type": "Feature", "properties": { "_uid0_": 999, "id": 37122, "adm3_psgc": 1600314000.0, "adm4_psgc": 1600314011.0, "barangay": "MAHAYAHAY" }, "geometry": { "type": "Point", "coordinates": [ 125.686377801569037, 8.844761589942889 ] } },
{ "type": "Feature", "properties": { "_uid0_": 1000, "id": 37130, "adm3_psgc": 1600314000.0, "adm4_psgc": 1600314019.0, "barangay": "SANTA MARIA" }, "geometry": { "type": "Point", "coordinates": [ 125.682741568493768, 8.909219425940824 ] } },
{ "type": "Feature", "properties": { "_uid0_": 1001, "id": 37357, "adm3_psgc": 1606721000.0, "adm4_psgc": 1606721001.0, "barangay": "ABAD SANTOS" }, "geometry": { "type": "Point", "coordinates": [ 126.039280103823629, 9.986305953921955 ] } },
{ "type": "Feature", "properties": { "_uid0_": 1002, "id": 36853, "adm3_psgc": 1600301000.0, "adm4_psgc": 1600301039.0, "barangay": "MT. ARARAT" }, "geometry": { "type": "Point", "coordinates": [ 125.842674736608345, 8.82870803101196 ] } },
{ "type": "Feature", "properties": { "_uid0_": 1003, "id": 37484, "adm3_psgc": 1606801000.0, "adm4_psgc": 1606801017.0, "barangay": "SAN JOSE" }, "geometry": { "type": "Point", "coordinates": [ 126.107685943420435, 8.497256834482853 ] } },
{ "type": "Feature", "properties": { "_uid0_": 1004, "id": 37475, "adm3_psgc": 1606801000.0, "adm4_psgc": 1606801006.0, "barangay": "CAUSWAGAN" }, "geometry": { "type": "Point", "coordinates": [ 126.165108878958435, 8.51527949029941 ] } },
{ "type": "Feature", "properties": { "_uid0_": 1005, "id": 37478, "adm3_psgc": 1606801000.0, "adm4_psgc": 1606801009.0, "barangay": "GAMUT" }, "geometry": { "type": "Point", "coordinates": [ 126.252422240105432, 8.524195883218731 ] } },
{ "type": "Feature", "properties": { "_uid0_": 1006, "id": 36655, "adm3_psgc": 1600201000.0, "adm4_psgc": 1600201001.0, "barangay": "ABILAN" }, "geometry": { "type": "Point", "coordinates": [ 125.461293180443633, 8.973631990249473 ] } },
{ "type": "Feature", "properties": { "_uid0_": 1007, "id": 37022, "adm3_psgc": 1600308000.0, "adm4_psgc": 1600308029.0, "barangay": "LADGADAN" }, "geometry": { "type": "Point", "coordinates": [ 125.928001189536062, 8.479463765918307 ] } },
{ "type": "Feature", "properties": { "_uid0_": 1008, "id": 37034, "adm3_psgc": 1600309000.0, "adm4_psgc": 1600309011.0, "barangay": "DIMASALANG" }, "geometry": { "type": "Point", "coordinates": [ 125.716401606191468, 8.550067268328114 ] } },
{ "type": "Feature", "properties": { "_uid0_": 1009, "id": 37064, "adm3_psgc": 1600311000.0, "adm4_psgc": 1600311006.0, "barangay": "DESAMPARADOS" }, "geometry": { "type": "Point", "coordinates": [ 125.725409519672695, 8.351177574803131 ] } },
{ "type": "Feature", "properties": { "_uid0_": 1010, "id": 37056, "adm3_psgc": 1600310000.0, "adm4_psgc": 1600310008.0, "barangay": "SANTA ISABEL" }, "geometry": { "type": "Point", "coordinates": [ 126.039080779672517, 8.009790204205956 ] } },
{ "type": "Feature", "properties": { "_uid0_": 1011, "id": 37120, "adm3_psgc": 1600314000.0, "adm4_psgc": 1600314009.0, "barangay": "MAGKALAPE" }, "geometry": { "type": "Point", "coordinates": [ 125.704504256546713, 8.904358872725672 ] } },
{ "type": "Feature", "properties": { "_uid0_": 1012, "id": 37129, "adm3_psgc": 1600314000.0, "adm4_psgc": 1600314018.0, "barangay": "SANTA CRUZ" }, "geometry": { "type": "Point", "coordinates": [ 125.71446315092382, 8.927337635879999 ] } },
{ "type": "Feature", "properties": { "_uid0_": 1013, "id": 37193, "adm3_psgc": 1606707000.0, "adm4_psgc": 1606707017.0, "barangay": "BARANGAY 2" }, "geometry": { "type": "Point", "coordinates": [ 126.055036370433086, 9.76048235294388 ] } },
{ "type": "Feature", "properties": { "_uid0_": 1014, "id": 37152, "adm3_psgc": 1606702000.0, "adm4_psgc": 1606702005.0, "barangay": "PAUTAO" }, "geometry": { "type": "Point", "coordinates": [ 125.637388980303669, 9.551013857236088 ] } },
{ "type": "Feature", "properties": { "_uid0_": 1015, "id": 37246, "adm3_psgc": 1606711000.0, "adm4_psgc": 1606711002.0, "barangay": "ANIBONGAN" }, "geometry": { "type": "Point", "coordinates": [ 125.683694553480024, 9.589063123317898 ] } },
{ "type": "Feature", "properties": { "_uid0_": 1016, "id": 37259, "adm3_psgc": 1606714000.0, "adm4_psgc": 1606714002.0, "barangay": "BOBONA-ON" }, "geometry": { "type": "Point", "coordinates": [ 125.47964939684347, 9.606790537158467 ] } },
{ "type": "Feature", "properties": { "_uid0_": 1017, "id": 37284, "adm3_psgc": 1606715000.0, "adm4_psgc": 1606715007.0, "barangay": "HANAGDONG" }, "geometry": { "type": "Point", "coordinates": [ 125.43090339221142, 9.596773350262449 ] } },
{ "type": "Feature", "properties": { "_uid0_": 1018, "id": 37295, "adm3_psgc": 1606716000.0, "adm4_psgc": 1606716003.0, "barangay": "MAASIN" }, "geometry": { "type": "Point", "coordinates": [ 126.060090335554321, 9.814352160438336 ] } },
{ "type": "Feature", "properties": { "_uid0_": 1019, "id": 37296, "adm3_psgc": 1606716000.0, "adm4_psgc": 1606716004.0, "barangay": "MABINI" }, "geometry": { "type": "Point", "coordinates": [ 126.061919229523738, 9.834550010922387 ] } },
{ "type": "Feature", "properties": { "_uid0_": 1020, "id": 37382, "adm3_psgc": 1606723000.0, "adm4_psgc": 1606723003.0, "barangay": "HONRADO" }, "geometry": { "type": "Point", "coordinates": [ 125.95222116972171, 9.650912291446284 ] } },
{ "type": "Feature", "properties": { "_uid0_": 1021, "id": 37383, "adm3_psgc": 1606723000.0, "adm4_psgc": 1606723004.0, "barangay": "NAVARRO" }, "geometry": { "type": "Point", "coordinates": [ 125.961235119909844, 9.619587606979044 ] } },
{ "type": "Feature", "properties": { "_uid0_": 1022, "id": 37384, "adm3_psgc": 1606723000.0, "adm4_psgc": 1606723005.0, "barangay": "NUEVA ESTRELLA" }, "geometry": { "type": "Point", "coordinates": [ 125.934169717109583, 9.625997804434641 ] } },
{ "type": "Feature", "properties": { "_uid0_": 1023, "id": 37529, "adm3_psgc": 1606804000.0, "adm4_psgc": 1606804007.0, "barangay": "MAT-E" }, "geometry": { "type": "Point", "coordinates": [ 126.288799844071974, 8.866619861735483 ] } },
{ "type": "Feature", "properties": { "_uid0_": 1024, "id": 37481, "adm3_psgc": 1606801000.0, "adm4_psgc": 1606801013.0, "barangay": "MAMIS" }, "geometry": { "type": "Point", "coordinates": [ 126.07786139725529, 8.509378691890921 ] } },
{ "type": "Feature", "properties": { "_uid0_": 1025, "id": 37625, "adm3_psgc": 1606811000.0, "adm4_psgc": 1606811004.0, "barangay": "BAUCAWE" }, "geometry": { "type": "Point", "coordinates": [ 126.070734215376092, 8.595632052658271 ] } },
{ "type": "Feature", "properties": { "_uid0_": 1026, "id": 37039, "adm3_psgc": 1600309000.0, "adm4_psgc": 1600309016.0, "barangay": "MAHAPAG" }, "geometry": { "type": "Point", "coordinates": [ 125.768065094670959, 8.559849163713837 ] } },
{ "type": "Feature", "properties": { "_uid0_": 1027, "id": 37057, "adm3_psgc": 1600310000.0, "adm4_psgc": 1600310009.0, "barangay": "SAYON" }, "geometry": { "type": "Point", "coordinates": [ 125.99008237403747, 7.983709599414531 ] } },
{ "type": "Feature", "properties": { "_uid0_": 1028, "id": 37107, "adm3_psgc": 1600313000.0, "adm4_psgc": 1600313016.0, "barangay": "CANDIIS" }, "geometry": { "type": "Point", "coordinates": [ 125.887470054425734, 7.936317712688036 ] } },
{ "type": "Feature", "properties": { "_uid0_": 1029, "id": 37274, "adm3_psgc": 1606714000.0, "adm4_psgc": 1606714018.0, "barangay": "SIANA" }, "geometry": { "type": "Point", "coordinates": [ 125.573080433576692, 9.535756610415714 ] } },
{ "type": "Feature", "properties": { "_uid0_": 1030, "id": 37559, "adm3_psgc": 1606807000.0, "adm4_psgc": 1606807001.0, "barangay": "ADLAY" }, "geometry": { "type": "Point", "coordinates": [ 125.881614375535491, 9.424227298910035 ] } },
{ "type": "Feature", "properties": { "_uid0_": 1031, "id": 37947, "adm3_psgc": 1630400000.0, "adm4_psgc": 1630400084.0, "barangay": "TALIGAMAN" }, "geometry": { "type": "Point", "coordinates": [ 125.637379814290483, 8.937480677540599 ] } },
{ "type": "Feature", "properties": { "_uid0_": 1032, "id": 37918, "adm3_psgc": 1630400000.0, "adm4_psgc": 1630400052.0, "barangay": "LEMON" }, "geometry": { "type": "Point", "coordinates": [ 125.592945938322117, 8.940576300979245 ] } },
{ "type": "Feature", "properties": { "_uid0_": 1033, "id": 37838, "adm3_psgc": 1608504000.0, "adm4_psgc": 1608504006.0, "barangay": "GENERAL AGUINALDO" }, "geometry": { "type": "Point", "coordinates": [ 125.581854528987591, 10.21846756862714 ] } },
{ "type": "Feature", "properties": { "_uid0_": 1034, "id": 37921, "adm3_psgc": 1630400000.0, "adm4_psgc": 1630400055.0, "barangay": "LIMAHA POB." }, "geometry": { "type": "Point", "coordinates": [ 125.534028698822468, 8.952466957938672 ] } },
{ "type": "Feature", "properties": { "_uid0_": 1035, "id": 37939, "adm3_psgc": 1630400000.0, "adm4_psgc": 1630400075.0, "barangay": "SAN IGNACIO" }, "geometry": { "type": "Point", "coordinates": [ 125.54082604028423, 8.95277924594785 ] } },
{ "type": "Feature", "properties": { "_uid0_": 1036, "id": 37676, "adm3_psgc": 1606814000.0, "adm4_psgc": 1606814010.0, "barangay": "SAN ISIDRO" }, "geometry": { "type": "Point", "coordinates": [ 126.249263472128447, 8.815751567426283 ] } },
{ "type": "Feature", "properties": { "_uid0_": 1037, "id": 37725, "adm3_psgc": 1606817000.0, "adm4_psgc": 1606817017.0, "barangay": "SANTA JUANA" }, "geometry": { "type": "Point", "coordinates": [ 126.217865438405212, 8.341452807668126 ] } },
{ "type": "Feature", "properties": { "_uid0_": 1038, "id": 37301, "adm3_psgc": 1606716000.0, "adm4_psgc": 1606716009.0, "barangay": "CENTRO" }, "geometry": { "type": "Point", "coordinates": [ 126.099805839495815, 9.863323240716069 ] } },
{ "type": "Feature", "properties": { "_uid0_": 1039, "id": 37302, "adm3_psgc": 1606716000.0, "adm4_psgc": 1606716010.0, "barangay": "PILARING" }, "geometry": { "type": "Point", "coordinates": [ 126.107635215347088, 9.868412930187253 ] } },
{ "type": "Feature", "properties": { "_uid0_": 1040, "id": 36893, "adm3_psgc": 1600303000.0, "adm4_psgc": 1600303020.0, "barangay": "REMEDIOS" }, "geometry": { "type": "Point", "coordinates": [ 125.608977435420911, 8.665898599978824 ] } },
{ "type": "Feature", "properties": { "_uid0_": 1041, "id": 36942, "adm3_psgc": 1600305000.0, "adm4_psgc": 1600305006.0, "barangay": "SAN ISIDRO" }, "geometry": { "type": "Point", "coordinates": [ 125.812456314668509, 8.052148984968335 ] } },
{ "type": "Feature", "properties": { "_uid0_": 1042, "id": 36881, "adm3_psgc": 1600303000.0, "adm4_psgc": 1600303008.0, "barangay": "DAKUTAN" }, "geometry": { "type": "Point", "coordinates": [ 125.684988057827312, 8.660678511651035 ] } },
{ "type": "Feature", "properties": { "_uid0_": 1043, "id": 37429, "adm3_psgc": 1606724000.0, "adm4_psgc": 1606724037.0, "barangay": "RIZAL" }, "geometry": { "type": "Point", "coordinates": [ 125.459986328232375, 9.779837912398795 ] } },
{ "type": "Feature", "properties": { "_uid0_": 1044, "id": 36941, "adm3_psgc": 1600305000.0, "adm4_psgc": 1600305005.0, "barangay": "POBLACION" }, "geometry": { "type": "Point", "coordinates": [ 125.860926471807787, 8.168987507549485 ] } },
{ "type": "Feature", "properties": { "_uid0_": 1045, "id": 36933, "adm3_psgc": 1600304000.0, "adm4_psgc": 1600304012.0, "barangay": "PANAGANGAN" }, "geometry": { "type": "Point", "coordinates": [ 125.770756104634927, 8.227722681284344 ] } },
{ "type": "Feature", "properties": { "_uid0_": 1046, "id": 36994, "adm3_psgc": 1600307000.0, "adm4_psgc": 1600307009.0, "barangay": "WASI-AN" }, "geometry": { "type": "Point", "coordinates": [ 126.043714108128611, 8.311730921623132 ] } },
{ "type": "Feature", "properties": { "_uid0_": 1047, "id": 36984, "adm3_psgc": 1600306000.0, "adm4_psgc": 1600306034.0, "barangay": "LA PURISIMA" }, "geometry": { "type": "Point", "coordinates": [ 125.919743137554107, 8.737622266028405 ] } },
{ "type": "Feature", "properties": { "_uid0_": 1048, "id": 37092, "adm3_psgc": 1600313000.0, "adm4_psgc": 1600313001.0, "barangay": "BINONGAN" }, "geometry": { "type": "Point", "coordinates": [ 125.973751272151048, 8.030464783701374 ] } },
{ "type": "Feature", "properties": { "_uid0_": 1049, "id": 37442, "adm3_psgc": 1606724000.0, "adm4_psgc": 1606724065.0, "barangay": "TOGBONGON" }, "geometry": { "type": "Point", "coordinates": [ 125.470813304288257, 9.763493284878749 ] } },
{ "type": "Feature", "properties": { "_uid0_": 1050, "id": 37184, "adm3_psgc": 1606707000.0, "adm4_psgc": 1606707008.0, "barangay": "CORREGIDOR" }, "geometry": { "type": "Point", "coordinates": [ 126.082021328448377, 9.693547389045687 ] } },
{ "type": "Feature", "properties": { "_uid0_": 1051, "id": 37341, "adm3_psgc": 1606719000.0, "adm4_psgc": 1606719008.0, "barangay": "MACOPA" }, "geometry": { "type": "Point", "coordinates": [ 125.425083452574995, 9.750202933899629 ] } },
{ "type": "Feature", "properties": { "_uid0_": 1052, "id": 37346, "adm3_psgc": 1606720000.0, "adm4_psgc": 1606720002.0, "barangay": "DEL CARMEN" }, "geometry": { "type": "Point", "coordinates": [ 126.089114889302806, 9.941126017464956 ] } },
{ "type": "Feature", "properties": { "_uid0_": 1053, "id": 37349, "adm3_psgc": 1606720000.0, "adm4_psgc": 1606720006.0, "barangay": "PACIFICO" }, "geometry": { "type": "Point", "coordinates": [ 126.096844056695971, 9.951441306470041 ] } },
{ "type": "Feature", "properties": { "_uid0_": 1054, "id": 37471, "adm3_psgc": 1606801000.0, "adm4_psgc": 1606801001.0, "barangay": "AMAGA" }, "geometry": { "type": "Point", "coordinates": [ 126.07334271955493, 8.528166621062798 ] } },
{ "type": "Feature", "properties": { "_uid0_": 1055, "id": 37938, "adm3_psgc": 1630400000.0, "adm4_psgc": 1630400074.0, "barangay": "RAJAH SOLIMAN POB." }, "geometry": { "type": "Point", "coordinates": [ 125.545109308873975, 8.945244581469462 ] } },
{ "type": "Feature", "properties": { "_uid0_": 1056, "id": 37447, "adm3_psgc": 1606724000.0, "adm4_psgc": 1606724096.0, "barangay": "CANLANIPA" }, "geometry": { "type": "Point", "coordinates": [ 125.494362776722951, 9.776065757448935 ] } },
{ "type": "Feature", "properties": { "_uid0_": 1057, "id": 37450, "adm3_psgc": 1606725000.0, "adm4_psgc": 1606725003.0, "barangay": "BANBAN" }, "geometry": { "type": "Point", "coordinates": [ 125.589553417525238, 9.684222023694272 ] } },
{ "type": "Feature", "properties": { "_uid0_": 1058, "id": 37495, "adm3_psgc": 1606802000.0, "adm4_psgc": 1606802004.0, "barangay": "CAGBAOTO" }, "geometry": { "type": "Point", "coordinates": [ 126.258549969861036, 8.962070309465412 ] } },
{ "type": "Feature", "properties": { "_uid0_": 1059, "id": 37504, "adm3_psgc": 1606803000.0, "adm4_psgc": 1606803007.0, "barangay": "LABISMA" }, "geometry": { "type": "Point", "coordinates": [ 126.393248437911353, 8.189462815650296 ] } },
{ "type": "Feature", "properties": { "_uid0_": 1060, "id": 37505, "adm3_psgc": 1606803000.0, "adm4_psgc": 1606803008.0, "barangay": "LAWIGAN" }, "geometry": { "type": "Point", "coordinates": [ 126.423079491725844, 8.221420347585353 ] } },
{ "type": "Feature", "properties": { "_uid0_": 1061, "id": 37506, "adm3_psgc": 1606803000.0, "adm4_psgc": 1606803009.0, "barangay": "MANGAGOY" }, "geometry": { "type": "Point", "coordinates": [ 126.350337063870256, 8.180334057615241 ] } },
{ "type": "Feature", "properties": { "_uid0_": 1062, "id": 37621, "adm3_psgc": 1606810000.0, "adm4_psgc": 1606810020.0, "barangay": "ZONE IV" }, "geometry": { "type": "Point", "coordinates": [ 126.062156877691493, 9.23443390576621 ] } },
{ "type": "Feature", "properties": { "_uid0_": 1063, "id": 37097, "adm3_psgc": 1600313000.0, "adm4_psgc": 1600313006.0, "barangay": "MAGSAYSAY" }, "geometry": { "type": "Point", "coordinates": [ 125.930933463174355, 8.05369472699685 ] } },
{ "type": "Feature", "properties": { "_uid0_": 1064, "id": 37634, "adm3_psgc": 1606811000.0, "adm4_psgc": 1606811013.0, "barangay": "SAN PEDRO" }, "geometry": { "type": "Point", "coordinates": [ 126.028462764542056, 8.667791200080254 ] } },
{ "type": "Feature", "properties": { "_uid0_": 1065, "id": 37687, "adm3_psgc": 1606815000.0, "adm4_psgc": 1606815009.0, "barangay": "POBLACION" }, "geometry": { "type": "Point", "coordinates": [ 126.222237566423914, 8.742415231384509 ] } },
{ "type": "Feature", "properties": { "_uid0_": 1066, "id": 37747, "adm3_psgc": 1606818000.0, "adm4_psgc": 1606818013.0, "barangay": "JUBANG" }, "geometry": { "type": "Point", "coordinates": [ 126.220839637377651, 8.987510264839853 ] } },
{ "type": "Feature", "properties": { "_uid0_": 1067, "id": 37722, "adm3_psgc": 1606817000.0, "adm4_psgc": 1606817014.0, "barangay": "SAN VICENTE" }, "geometry": { "type": "Point", "coordinates": [ 126.150346033598197, 8.380935037050374 ] } },
{ "type": "Feature", "properties": { "_uid0_": 1068, "id": 37746, "adm3_psgc": 1606818000.0, "adm4_psgc": 1606818012.0, "barangay": "GAMUT" }, "geometry": { "type": "Point", "coordinates": [ 126.168725703038291, 9.008890270519174 ] } },
{ "type": "Feature", "properties": { "_uid0_": 1069, "id": 37923, "adm3_psgc": 1630400000.0, "adm4_psgc": 1630400057.0, "barangay": "LUMBOCAN" }, "geometry": { "type": "Point", "coordinates": [ 125.510144848558596, 9.000520061050342 ] } },
{ "type": "Feature", "properties": { "_uid0_": 1070, "id": 37489, "adm3_psgc": 1606801000.0, "adm4_psgc": 1606801024.0, "barangay": "WAKAT" }, "geometry": { "type": "Point", "coordinates": [ 126.11140396665084, 8.555245679704605 ] } },
{ "type": "Feature", "properties": { "_uid0_": 1071, "id": 36959, "adm3_psgc": 1600306000.0, "adm4_psgc": 1600306007.0, "barangay": "LA SUERTE" }, "geometry": { "type": "Point", "coordinates": [ 125.892957467177979, 8.579028192934857 ] } },
{ "type": "Feature", "properties": { "_uid0_": 1072, "id": 37836, "adm3_psgc": 1608504000.0, "adm4_psgc": 1608504004.0, "barangay": "DOÑA HELEN" }, "geometry": { "type": "Point", "coordinates": [ 125.524147389363677, 10.163488439093378 ] } },
{ "type": "Feature", "properties": { "_uid0_": 1073, "id": 36945, "adm3_psgc": 1600305000.0, "adm4_psgc": 1600305009.0, "barangay": "SANTA TERESA" }, "geometry": { "type": "Point", "coordinates": [ 125.797348673708711, 8.093827094666366 ] } },
{ "type": "Feature", "properties": { "_uid0_": 1074, "id": 36667, "adm3_psgc": 1600201000.0, "adm4_psgc": 1600201016.0, "barangay": "POBLACION 4" }, "geometry": { "type": "Point", "coordinates": [ 125.405519367708337, 8.973329040177706 ] } },
{ "type": "Feature", "properties": { "_uid0_": 1075, "id": 37837, "adm3_psgc": 1608504000.0, "adm4_psgc": 1608504005.0, "barangay": "GARCIA" }, "geometry": { "type": "Point", "coordinates": [ 125.5574700862974, 10.16814440112968 ] } },
{ "type": "Feature", "properties": { "_uid0_": 1076, "id": 37890, "adm3_psgc": 1630400000.0, "adm4_psgc": 1630400014.0, "barangay": "BADING POB." }, "geometry": { "type": "Point", "coordinates": [ 125.533499485110454, 8.969489268290712 ] } },
{ "type": "Feature", "properties": { "_uid0_": 1077, "id": 37584, "adm3_psgc": 1606808000.0, "adm4_psgc": 1606808012.0, "barangay": "UBA" }, "geometry": { "type": "Point", "coordinates": [ 126.198461534817298, 9.300547177556597 ] } },
{ "type": "Feature", "properties": { "_uid0_": 1078, "id": 37677, "adm3_psgc": 1606814000.0, "adm4_psgc": 1606814011.0, "barangay": "SAN PEDRO" }, "geometry": { "type": "Point", "coordinates": [ 126.253266014690013, 8.849304693211854 ] } },
{ "type": "Feature", "properties": { "_uid0_": 1079, "id": 37444, "adm3_psgc": 1606724000.0, "adm4_psgc": 1606724067.0, "barangay": "OROK" }, "geometry": { "type": "Point", "coordinates": [ 125.54127622904933, 9.757799303120413 ] } },
{ "type": "Feature", "properties": { "_uid0_": 1080, "id": 36851, "adm3_psgc": 1600301000.0, "adm4_psgc": 1600301037.0, "barangay": "MAHAYAG" }, "geometry": { "type": "Point", "coordinates": [ 125.750551099199654, 8.804902592259426 ] } },
{ "type": "Feature", "properties": { "_uid0_": 1081, "id": 37417, "adm3_psgc": 1606724000.0, "adm4_psgc": 1606724025.0, "barangay": "LISONDRA" }, "geometry": { "type": "Point", "coordinates": [ 125.567481778807675, 9.890146463163271 ] } },
{ "type": "Feature", "properties": { "_uid0_": 1082, "id": 37491, "adm3_psgc": 1606801000.0, "adm4_psgc": 1606801026.0, "barangay": "TAMBIS" }, "geometry": { "type": "Point", "coordinates": [ 126.036475853428598, 8.567853193993145 ] } },
{ "type": "Feature", "properties": { "_uid0_": 1083, "id": 37496, "adm3_psgc": 1606802000.0, "adm4_psgc": 1606802005.0, "barangay": "LA PAZ" }, "geometry": { "type": "Point", "coordinates": [ 126.249840610961698, 8.983488833914597 ] } },
{ "type": "Feature", "properties": { "_uid0_": 1084, "id": 36828, "adm3_psgc": 1600301000.0, "adm4_psgc": 1600301009.0, "barangay": "MARCELINA" }, "geometry": { "type": "Point", "coordinates": [ 125.782605338498485, 8.651251995551295 ] } },
{ "type": "Feature", "properties": { "_uid0_": 1085, "id": 36840, "adm3_psgc": 1600301000.0, "adm4_psgc": 1600301025.0, "barangay": "VERDU" }, "geometry": { "type": "Point", "coordinates": [ 125.700237091515007, 8.71733000685385 ] } },
{ "type": "Feature", "properties": { "_uid0_": 1086, "id": 36842, "adm3_psgc": 1600301000.0, "adm4_psgc": 1600301028.0, "barangay": "BERSEBA" }, "geometry": { "type": "Point", "coordinates": [ 125.796803176798889, 8.835915891145264 ] } },
{ "type": "Feature", "properties": { "_uid0_": 1087, "id": 36964, "adm3_psgc": 1600306000.0, "adm4_psgc": 1600306012.0, "barangay": "LUCENA" }, "geometry": { "type": "Point", "coordinates": [ 125.869491261144788, 8.571789607455168 ] } },
{ "type": "Feature", "properties": { "_uid0_": 1088, "id": 36908, "adm3_psgc": 1600303000.0, "adm4_psgc": 1600303036.0, "barangay": "CUBO" }, "geometry": { "type": "Point", "coordinates": [ 125.654485881610569, 8.694281495857725 ] } },
{ "type": "Feature", "properties": { "_uid0_": 1089, "id": 37014, "adm3_psgc": 1600308000.0, "adm4_psgc": 1600308020.0, "barangay": "RIZAL" }, "geometry": { "type": "Point", "coordinates": [ 125.86977826678617, 8.503462142877032 ] } },
{ "type": "Feature", "properties": { "_uid0_": 1090, "id": 37021, "adm3_psgc": 1600308000.0, "adm4_psgc": 1600308028.0, "barangay": "KARAUS" }, "geometry": { "type": "Point", "coordinates": [ 125.994806120766171, 8.491157697242308 ] } },
{ "type": "Feature", "properties": { "_uid0_": 1091, "id": 37624, "adm3_psgc": 1606811000.0, "adm4_psgc": 1606811003.0, "barangay": "BAN-AS" }, "geometry": { "type": "Point", "coordinates": [ 126.079313518866911, 8.644512420303585 ] } },
{ "type": "Feature", "properties": { "_uid0_": 1092, "id": 37233, "adm3_psgc": 1606710000.0, "adm4_psgc": 1606710008.0, "barangay": "POBLACION II" }, "geometry": { "type": "Point", "coordinates": [ 126.155310732462965, 9.783302738398646 ] } },
{ "type": "Feature", "properties": { "_uid0_": 1093, "id": 37236, "adm3_psgc": 1606710000.0, "adm4_psgc": 1606710011.0, "barangay": "POBLACION V" }, "geometry": { "type": "Point", "coordinates": [ 126.157585774621452, 9.791334606068155 ] } },
{ "type": "Feature", "properties": { "_uid0_": 1094, "id": 37239, "adm3_psgc": 1606710000.0, "adm4_psgc": 1606710014.0, "barangay": "MAGSAYSAY" }, "geometry": { "type": "Point", "coordinates": [ 126.135180263476627, 9.816313257096418 ] } },
{ "type": "Feature", "properties": { "_uid0_": 1095, "id": 37469, "adm3_psgc": 1606727000.0, "adm4_psgc": 1606727008.0, "barangay": "TIMAMANA" }, "geometry": { "type": "Point", "coordinates": [ 125.560037042024334, 9.598691938622762 ] } },
{ "type": "Feature", "properties": { "_uid0_": 1096, "id": 37229, "adm3_psgc": 1606710000.0, "adm4_psgc": 1606710004.0, "barangay": "CONSUELO" }, "geometry": { "type": "Point", "coordinates": [ 126.10609113665241, 9.79530483791021 ] } },
{ "type": "Feature", "properties": { "_uid0_": 1097, "id": 37376, "adm3_psgc": 1606722000.0, "adm4_psgc": 1606722010.0, "barangay": "SAN PABLO" }, "geometry": { "type": "Point", "coordinates": [ 125.521686069926332, 9.66375972161263 ] } },
{ "type": "Feature", "properties": { "_uid0_": 1098, "id": 37377, "adm3_psgc": 1606722000.0, "adm4_psgc": 1606722011.0, "barangay": "TAGBAYANI" }, "geometry": { "type": "Point", "coordinates": [ 125.470807231544327, 9.650296959370374 ] } },
{ "type": "Feature", "properties": { "_uid0_": 1099, "id": 37381, "adm3_psgc": 1606723000.0, "adm4_psgc": 1606723002.0, "barangay": "HELENE" }, "geometry": { "type": "Point", "coordinates": [ 125.931699797862294, 9.585183577699162 ] } },
{ "type": "Feature", "properties": { "_uid0_": 1100, "id": 37409, "adm3_psgc": 1606724000.0, "adm4_psgc": 1606724017.0, "barangay": "CAPALAYAN" }, "geometry": { "type": "Point", "coordinates": [ 125.54595872767139, 9.739228067545321 ] } },
{ "type": "Feature", "properties": { "_uid0_": 1101, "id": 37493, "adm3_psgc": 1606802000.0, "adm4_psgc": 1606802002.0, "barangay": "BALETE" }, "geometry": { "type": "Point", "coordinates": [ 126.292185654847955, 8.963042494039373 ] } },
{ "type": "Feature", "properties": { "_uid0_": 1102, "id": 37494, "adm3_psgc": 1606802000.0, "adm4_psgc": 1606802003.0, "barangay": "CABUGO" }, "geometry": { "type": "Point", "coordinates": [ 126.302394067271365, 8.947304655560247 ] } },
{ "type": "Feature", "properties": { "_uid0_": 1103, "id": 37528, "adm3_psgc": 1606804000.0, "adm4_psgc": 1606804006.0, "barangay": "LACTUDAN" }, "geometry": { "type": "Point", "coordinates": [ 126.318299270100923, 8.90783954185472 ] } },
{ "type": "Feature", "properties": { "_uid0_": 1104, "id": 37566, "adm3_psgc": 1606807000.0, "adm4_psgc": 1606807008.0, "barangay": "DOYOS" }, "geometry": { "type": "Point", "coordinates": [ 125.959536814048192, 9.3716494608034 ] } },
{ "type": "Feature", "properties": { "_uid0_": 1105, "id": 37575, "adm3_psgc": 1606808000.0, "adm4_psgc": 1606808003.0, "barangay": "CAPANDAN" }, "geometry": { "type": "Point", "coordinates": [ 126.168939277260421, 9.303168283003012 ] } },
{ "type": "Feature", "properties": { "_uid0_": 1106, "id": 37581, "adm3_psgc": 1606808000.0, "adm4_psgc": 1606808009.0, "barangay": "TAG-ANONGAN" }, "geometry": { "type": "Point", "coordinates": [ 126.193874906860017, 9.231497860297376 ] } },
{ "type": "Feature", "properties": { "_uid0_": 1107, "id": 37692, "adm3_psgc": 1606816000.0, "adm4_psgc": 1606816001.0, "barangay": "BAGYANG" }, "geometry": { "type": "Point", "coordinates": [ 125.967090278646609, 9.032686189911908 ] } },
{ "type": "Feature", "properties": { "_uid0_": 1108, "id": 37797, "adm3_psgc": 1608501000.0, "adm4_psgc": 1608501019.0, "barangay": "BENGLEN" }, "geometry": { "type": "Point", "coordinates": [ 125.607392602196526, 10.137720060852162 ] } },
{ "type": "Feature", "properties": { "_uid0_": 1109, "id": 37807, "adm3_psgc": 1608502000.0, "adm4_psgc": 1608502001.0, "barangay": "BOA" }, "geometry": { "type": "Point", "coordinates": [ 125.645916815787757, 10.106661538857438 ] } },
{ "type": "Feature", "properties": { "_uid0_": 1110, "id": 37647, "adm3_psgc": 1606812000.0, "adm4_psgc": 1606812013.0, "barangay": "SABANG" }, "geometry": { "type": "Point", "coordinates": [ 126.396605605984405, 8.013197627561381 ] } },
{ "type": "Feature", "properties": { "_uid0_": 1111, "id": 37811, "adm3_psgc": 1608502000.0, "adm4_psgc": 1608502005.0, "barangay": "LEGASPI" }, "geometry": { "type": "Point", "coordinates": [ 125.626746379321816, 10.16063095863413 ] } },
{ "type": "Feature", "properties": { "_uid0_": 1112, "id": 36970, "adm3_psgc": 1600306000.0, "adm4_psgc": 1600306018.0, "barangay": "PATIN-AY" }, "geometry": { "type": "Point", "coordinates": [ 125.941131543069346, 8.553045441869861 ] } },
{ "type": "Feature", "properties": { "_uid0_": 1113, "id": 36971, "adm3_psgc": 1600306000.0, "adm4_psgc": 1600306020.0, "barangay": "SALIMBOGAON" }, "geometry": { "type": "Point", "coordinates": [ 125.947617662999264, 8.649357356636685 ] } },
{ "type": "Feature", "properties": { "_uid0_": 1114, "id": 37685, "adm3_psgc": 1606815000.0, "adm4_psgc": 1606815007.0, "barangay": "KAUSWAGAN" }, "geometry": { "type": "Point", "coordinates": [ 126.215468682209547, 8.755283264799154 ] } },
{ "type": "Feature", "properties": { "_uid0_": 1115, "id": 36860, "adm3_psgc": 1600301000.0, "adm4_psgc": 1600301046.0, "barangay": "SANTA TERESITA" }, "geometry": { "type": "Point", "coordinates": [ 125.786264961559866, 8.706209848822994 ] } },
{ "type": "Feature", "properties": { "_uid0_": 1116, "id": 36917, "adm3_psgc": 1600303000.0, "adm4_psgc": 1600303045.0, "barangay": "SAN ISIDRO" }, "geometry": { "type": "Point", "coordinates": [ 125.669965008752769, 8.695756599406305 ] } },
{ "type": "Feature", "properties": { "_uid0_": 1117, "id": 36901, "adm3_psgc": 1600303000.0, "adm4_psgc": 1600303029.0, "barangay": "TAHINA" }, "geometry": { "type": "Point", "coordinates": [ 125.664596343739035, 8.608687891533979 ] } },
{ "type": "Feature", "properties": { "_uid0_": 1118, "id": 37635, "adm3_psgc": 1606812000.0, "adm4_psgc": 1606812001.0, "barangay": "ANIBONGAN" }, "geometry": { "type": "Point", "coordinates": [ 126.415232323239749, 8.07666285287023 ] } },
{ "type": "Feature", "properties": { "_uid0_": 1119, "id": 37628, "adm3_psgc": 1606811000.0, "adm4_psgc": 1606811007.0, "barangay": "LIATIMCO" }, "geometry": { "type": "Point", "coordinates": [ 126.110856517106612, 8.574336223592271 ] } },
{ "type": "Feature", "properties": { "_uid0_": 1120, "id": 37629, "adm3_psgc": 1606811000.0, "adm4_psgc": 1606811008.0, "barangay": "MANYAYAY" }, "geometry": { "type": "Point", "coordinates": [ 126.137933333457283, 8.735521020588948 ] } },
{ "type": "Feature", "properties": { "_uid0_": 1121, "id": 37636, "adm3_psgc": 1606812000.0, "adm4_psgc": 1606812002.0, "barangay": "BARCELONA" }, "geometry": { "type": "Point", "coordinates": [ 126.408205024134048, 8.160411420690835 ] } },
{ "type": "Feature", "properties": { "_uid0_": 1122, "id": 37106, "adm3_psgc": 1600313000.0, "adm4_psgc": 1600313015.0, "barangay": "CAIGANGAN" }, "geometry": { "type": "Point", "coordinates": [ 125.861714453456457, 8.053431720816956 ] } },
{ "type": "Feature", "properties": { "_uid0_": 1123, "id": 37639, "adm3_psgc": 1606812000.0, "adm4_psgc": 1606812005.0, "barangay": "HANDAMAYAN" }, "geometry": { "type": "Point", "coordinates": [ 126.423276448653567, 8.093756440936152 ] } },
{ "type": "Feature", "properties": { "_uid0_": 1124, "id": 37180, "adm3_psgc": 1606707000.0, "adm4_psgc": 1606707004.0, "barangay": "BUENAVISTA" }, "geometry": { "type": "Point", "coordinates": [ 125.990454691044121, 9.722522807106037 ] } },
{ "type": "Feature", "properties": { "_uid0_": 1125, "id": 37181, "adm3_psgc": 1606707000.0, "adm4_psgc": 1606707005.0, "barangay": "CABAWA" }, "geometry": { "type": "Point", "coordinates": [ 126.058971589832311, 9.723008569838509 ] } },
{ "type": "Feature", "properties": { "_uid0_": 1126, "id": 37182, "adm3_psgc": 1606707000.0, "adm4_psgc": 1606707006.0, "barangay": "CAMBAS-AC" }, "geometry": { "type": "Point", "coordinates": [ 126.032119666196778, 9.750820908320632 ] } },
{ "type": "Feature", "properties": { "_uid0_": 1127, "id": 37170, "adm3_psgc": 1606706000.0, "adm4_psgc": 1606706008.0, "barangay": "PANATAO" }, "geometry": { "type": "Point", "coordinates": [ 125.740889467384648, 9.56043260357184 ] } },
{ "type": "Feature", "properties": { "_uid0_": 1128, "id": 37275, "adm3_psgc": 1606714000.0, "adm4_psgc": 1606714019.0, "barangay": "SILOP" }, "geometry": { "type": "Point", "coordinates": [ 125.520289756735437, 9.605134458880521 ] } },
{ "type": "Feature", "properties": { "_uid0_": 1129, "id": 37402, "adm3_psgc": 1606724000.0, "adm4_psgc": 1606724010.0, "barangay": "BITAUGAN" }, "geometry": { "type": "Point", "coordinates": [ 125.63538645169362, 9.790901098148257 ] } },
{ "type": "Feature", "properties": { "_uid0_": 1130, "id": 37314, "adm3_psgc": 1606717000.0, "adm4_psgc": 1606717008.0, "barangay": "ELLAPERAL" }, "geometry": { "type": "Point", "coordinates": [ 125.656982854437459, 9.697163964414015 ] } },
{ "type": "Feature", "properties": { "_uid0_": 1131, "id": 37359, "adm3_psgc": 1606721000.0, "adm4_psgc": 1606721003.0, "barangay": "T. ARLAN" }, "geometry": { "type": "Point", "coordinates": [ 126.033181830075918, 10.023055294873199 ] } },
{ "type": "Feature", "properties": { "_uid0_": 1132, "id": 37360, "adm3_psgc": 1606721000.0, "adm4_psgc": 1606721004.0, "barangay": "BAILAN" }, "geometry": { "type": "Point", "coordinates": [ 126.04807274661799, 10.010114704334185 ] } },
{ "type": "Feature", "properties": { "_uid0_": 1133, "id": 37362, "adm3_psgc": 1606721000.0, "adm4_psgc": 1606721006.0, "barangay": "LIBERTAD" }, "geometry": { "type": "Point", "coordinates": [ 126.058610646968532, 9.994366073080618 ] } },
{ "type": "Feature", "properties": { "_uid0_": 1134, "id": 37365, "adm3_psgc": 1606721000.0, "adm4_psgc": 1606721009.0, "barangay": "MAGSAYSAY" }, "geometry": { "type": "Point", "coordinates": [ 126.042966241503933, 9.997060735697694 ] } },
{ "type": "Feature", "properties": { "_uid0_": 1135, "id": 37366, "adm3_psgc": 1606721000.0, "adm4_psgc": 1606721010.0, "barangay": "RIZAL" }, "geometry": { "type": "Point", "coordinates": [ 126.044486748860322, 10.033608132727643 ] } },
{ "type": "Feature", "properties": { "_uid0_": 1136, "id": 37427, "adm3_psgc": 1606724000.0, "adm4_psgc": 1606724035.0, "barangay": "PUNTA BILAR" }, "geometry": { "type": "Point", "coordinates": [ 125.443094932554516, 9.819368749766474 ] } },
{ "type": "Feature", "properties": { "_uid0_": 1137, "id": 37415, "adm3_psgc": 1606724000.0, "adm4_psgc": 1606724023.0, "barangay": "LIBUAC" }, "geometry": { "type": "Point", "coordinates": [ 125.515943821231062, 9.89133937352354 ] } },
{ "type": "Feature", "properties": { "_uid0_": 1138, "id": 37441, "adm3_psgc": 1606724000.0, "adm4_psgc": 1606724064.0, "barangay": "TALISAY" }, "geometry": { "type": "Point", "coordinates": [ 125.631246122786351, 9.843204416392792 ] } },
{ "type": "Feature", "properties": { "_uid0_": 1139, "id": 36835, "adm3_psgc": 1600301000.0, "adm4_psgc": 1600301018.0, "barangay": "SAGUMA" }, "geometry": { "type": "Point", "coordinates": [ 125.738055839815445, 8.683496731755401 ] } },
{ "type": "Feature", "properties": { "_uid0_": 1140, "id": 36723, "adm3_psgc": 1600205000.0, "adm4_psgc": 1600205005.0, "barangay": "COLORADO" }, "geometry": { "type": "Point", "coordinates": [ 125.527622960352446, 9.314452387721079 ] } },
{ "type": "Feature", "properties": { "_uid0_": 1141, "id": 37307, "adm3_psgc": 1606716000.0, "adm4_psgc": 1606716015.0, "barangay": "JABOY" }, "geometry": { "type": "Point", "coordinates": [ 126.075826871460947, 9.894228478720958 ] } },
{ "type": "Feature", "properties": { "_uid0_": 1142, "id": 37446, "adm3_psgc": 1606724000.0, "adm4_psgc": 1606724095.0, "barangay": "ZARAGOZA" }, "geometry": { "type": "Point", "coordinates": [ 125.573326126666856, 9.89952068341228 ] } },
{ "type": "Feature", "properties": { "_uid0_": 1143, "id": 37510, "adm3_psgc": 1606803000.0, "adm4_psgc": 1606803013.0, "barangay": "SAN ANTONIO" }, "geometry": { "type": "Point", "coordinates": [ 126.313713344950571, 8.150083993885588 ] } },
{ "type": "Feature", "properties": { "_uid0_": 1144, "id": 37511, "adm3_psgc": 1606803000.0, "adm4_psgc": 1606803014.0, "barangay": "SAN FERNANDO" }, "geometry": { "type": "Point", "coordinates": [ 126.30562707588976, 8.226203428820284 ] } },
{ "type": "Feature", "properties": { "_uid0_": 1145, "id": 36847, "adm3_psgc": 1600301000.0, "adm4_psgc": 1600301033.0, "barangay": "GAMAO" }, "geometry": { "type": "Point", "coordinates": [ 125.735327624156369, 8.663238839127967 ] } },
{ "type": "Feature", "properties": { "_uid0_": 1146, "id": 36859, "adm3_psgc": 1600301000.0, "adm4_psgc": 1600301045.0, "barangay": "SAN JUAN" }, "geometry": { "type": "Point", "coordinates": [ 125.852715252005538, 8.859596480745642 ] } },
{ "type": "Feature", "properties": { "_uid0_": 1147, "id": 37311, "adm3_psgc": 1606717000.0, "adm4_psgc": 1606717005.0, "barangay": "BOYONGAN" }, "geometry": { "type": "Point", "coordinates": [ 125.565783883491065, 9.607034882379311 ] } },
{ "type": "Feature", "properties": { "_uid0_": 1148, "id": 37719, "adm3_psgc": 1606817000.0, "adm4_psgc": 1606817011.0, "barangay": "OSMEÑA" }, "geometry": { "type": "Point", "coordinates": [ 126.207798356892155, 8.484496402873546 ] } },
{ "type": "Feature", "properties": { "_uid0_": 1149, "id": 36880, "adm3_psgc": 1600303000.0, "adm4_psgc": 1600303007.0, "barangay": "CONCORDIA" }, "geometry": { "type": "Point", "coordinates": [ 125.678772534077268, 8.620646345783316 ] } },
{ "type": "Feature", "properties": { "_uid0_": 1150, "id": 37710, "adm3_psgc": 1606817000.0, "adm4_psgc": 1606817001.0, "barangay": "BATUNAN" }, "geometry": { "type": "Point", "coordinates": [ 126.116170733306916, 8.452689206670312 ] } },
{ "type": "Feature", "properties": { "_uid0_": 1151, "id": 37527, "adm3_psgc": 1606804000.0, "adm4_psgc": 1606804005.0, "barangay": "TAWAGAN" }, "geometry": { "type": "Point", "coordinates": [ 126.301619942930287, 8.936595469948816 ] } },
{ "type": "Feature", "properties": { "_uid0_": 1152, "id": 37787, "adm3_psgc": 1608501000.0, "adm4_psgc": 1608501009.0, "barangay": "IMEE" }, "geometry": { "type": "Point", "coordinates": [ 125.504851111059224, 10.003719374580678 ] } },
{ "type": "Feature", "properties": { "_uid0_": 1153, "id": 36905, "adm3_psgc": 1600303000.0, "adm4_psgc": 1600303033.0, "barangay": "BALUBO" }, "geometry": { "type": "Point", "coordinates": [ 125.383976357133278, 8.686246566122509 ] } },
{ "type": "Feature", "properties": { "_uid0_": 1154, "id": 36946, "adm3_psgc": 1600305000.0, "adm4_psgc": 1600305010.0, "barangay": "SANTO TOMAS" }, "geometry": { "type": "Point", "coordinates": [ 125.803939811202952, 8.16857761845165 ] } },
{ "type": "Feature", "properties": { "_uid0_": 1155, "id": 37794, "adm3_psgc": 1608501000.0, "adm4_psgc": 1608501016.0, "barangay": "ROXAS" }, "geometry": { "type": "Point", "coordinates": [ 125.499430235923086, 10.013283091092898 ] } },
{ "type": "Feature", "properties": { "_uid0_": 1156, "id": 37795, "adm3_psgc": 1608501000.0, "adm4_psgc": 1608501017.0, "barangay": "SERING" }, "geometry": { "type": "Point", "coordinates": [ 125.539060686918319, 10.087978522789999 ] } },
{ "type": "Feature", "properties": { "_uid0_": 1157, "id": 37603, "adm3_psgc": 1606809000.0, "adm4_psgc": 1606809039.0, "barangay": "TIDMAN" }, "geometry": { "type": "Point", "coordinates": [ 126.352882966511487, 8.298037790629014 ] } },
{ "type": "Feature", "properties": { "_uid0_": 1158, "id": 37577, "adm3_psgc": 1606808000.0, "adm4_psgc": 1606808005.0, "barangay": "MADRELINO" }, "geometry": { "type": "Point", "coordinates": [ 126.184700302783284, 9.301223136575192 ] } },
{ "type": "Feature", "properties": { "_uid0_": 1159, "id": 37013, "adm3_psgc": 1600308000.0, "adm4_psgc": 1600308019.0, "barangay": "BARANGAY 5" }, "geometry": { "type": "Point", "coordinates": [ 125.978571291617044, 8.499985203059598 ] } },
{ "type": "Feature", "properties": { "_uid0_": 1160, "id": 37585, "adm3_psgc": 1606809000.0, "adm4_psgc": 1606809002.0, "barangay": "BACULIN" }, "geometry": { "type": "Point", "coordinates": [ 126.342452102051482, 8.515863832670455 ] } },
{ "type": "Feature", "properties": { "_uid0_": 1161, "id": 36977, "adm3_psgc": 1600306000.0, "adm4_psgc": 1600306026.0, "barangay": "SAN PEDRO" }, "geometry": { "type": "Point", "coordinates": [ 125.887759466999597, 8.554157820942203 ] } },
{ "type": "Feature", "properties": { "_uid0_": 1162, "id": 36979, "adm3_psgc": 1600306000.0, "adm4_psgc": 1600306029.0, "barangay": "SAN SALVADOR" }, "geometry": { "type": "Point", "coordinates": [ 125.899002511593451, 8.651770458671834 ] } },
{ "type": "Feature", "properties": { "_uid0_": 1163, "id": 37652, "adm3_psgc": 1606812000.0, "adm4_psgc": 1606812018.0, "barangay": "VALENCIA" }, "geometry": { "type": "Point", "coordinates": [ 126.446678004134682, 8.23047427292993 ] } },
{ "type": "Feature", "properties": { "_uid0_": 1164, "id": 36989, "adm3_psgc": 1600307000.0, "adm4_psgc": 1600307004.0, "barangay": "MARFIL" }, "geometry": { "type": "Point", "coordinates": [ 126.094061767432777, 8.385457604879171 ] } },
{ "type": "Feature", "properties": { "_uid0_": 1165, "id": 37619, "adm3_psgc": 1606810000.0, "adm4_psgc": 1606810018.0, "barangay": "ZONE II" }, "geometry": { "type": "Point", "coordinates": [ 126.058469088361917, 9.230651650198768 ] } },
{ "type": "Feature", "properties": { "_uid0_": 1166, "id": 37023, "adm3_psgc": 1600308000.0, "adm4_psgc": 1600308030.0, "barangay": "ORMACA" }, "geometry": { "type": "Point", "coordinates": [ 126.011813099139459, 8.462406861912534 ] } },
{ "type": "Feature", "properties": { "_uid0_": 1167, "id": 37846, "adm3_psgc": 1608504000.0, "adm4_psgc": 1608504014.0, "barangay": "SANTO NIÑO" }, "geometry": { "type": "Point", "coordinates": [ 125.529980142020619, 10.177451120437299 ] } },
{ "type": "Feature", "properties": { "_uid0_": 1168, "id": 37083, "adm3_psgc": 1600312000.0, "adm4_psgc": 1600312008.0, "barangay": "SALVACION" }, "geometry": { "type": "Point", "coordinates": [ 126.128645002256164, 8.003157311709943 ] } },
{ "type": "Feature", "properties": { "_uid0_": 1169, "id": 37723, "adm3_psgc": 1606817000.0, "adm4_psgc": 1606817015.0, "barangay": "SANTA CRUZ" }, "geometry": { "type": "Point", "coordinates": [ 126.169041618888627, 8.361906435873069 ] } },
{ "type": "Feature", "properties": { "_uid0_": 1170, "id": 36883, "adm3_psgc": 1600303000.0, "adm4_psgc": 1600303010.0, "barangay": "MAC-ARTHUR" }, "geometry": { "type": "Point", "coordinates": [ 125.736843806371112, 8.579529672114546 ] } },
{ "type": "Feature", "properties": { "_uid0_": 1171, "id": 37096, "adm3_psgc": 1600313000.0, "adm4_psgc": 1600313005.0, "barangay": "LIMOT" }, "geometry": { "type": "Point", "coordinates": [ 125.881940150540018, 7.953436789883348 ] } },
{ "type": "Feature", "properties": { "_uid0_": 1172, "id": 37899, "adm3_psgc": 1630400000.0, "adm4_psgc": 1630400024.0, "barangay": "BOBON" }, "geometry": { "type": "Point", "coordinates": [ 125.560265134898913, 8.986451623721761 ] } },
{ "type": "Feature", "properties": { "_uid0_": 1173, "id": 37312, "adm3_psgc": 1606717000.0, "adm4_psgc": 1606717006.0, "barangay": "BUGAS-BUGAS" }, "geometry": { "type": "Point", "coordinates": [ 125.5716474475946, 9.648538340351983 ] } },
{ "type": "Feature", "properties": { "_uid0_": 1174, "id": 37123, "adm3_psgc": 1600314000.0, "adm4_psgc": 1600314012.0, "barangay": "NEW TUBIGON" }, "geometry": { "type": "Point", "coordinates": [ 125.842541209655053, 8.907757911754986 ] } },
{ "type": "Feature", "properties": { "_uid0_": 1175, "id": 37173, "adm3_psgc": 1606706000.0, "adm4_psgc": 1606706011.0, "barangay": "SAPA" }, "geometry": { "type": "Point", "coordinates": [ 125.732777122995003, 9.531987131314693 ] } },
{ "type": "Feature", "properties": { "_uid0_": 1176, "id": 37175, "adm3_psgc": 1606706000.0, "adm4_psgc": 1606706013.0, "barangay": "URBIZTONDO" }, "geometry": { "type": "Point", "coordinates": [ 125.762044887831948, 9.504201977455539 ] } },
{ "type": "Feature", "properties": { "_uid0_": 1177, "id": 37176, "adm3_psgc": 1606706000.0, "adm4_psgc": 1606706014.0, "barangay": "WANGKE" }, "geometry": { "type": "Point", "coordinates": [ 125.756664321082184, 9.55468310073627 ] } },
{ "type": "Feature", "properties": { "_uid0_": 1178, "id": 37898, "adm3_psgc": 1630400000.0, "adm4_psgc": 1630400023.0, "barangay": "BITAN-AGAN" }, "geometry": { "type": "Point", "coordinates": [ 125.527271992015343, 8.849877069723643 ] } },
{ "type": "Feature", "properties": { "_uid0_": 1179, "id": 37350, "adm3_psgc": 1606720000.0, "adm4_psgc": 1606720007.0, "barangay": "PELAEZ" }, "geometry": { "type": "Point", "coordinates": [ 126.051367118651314, 9.947360055239681 ] } },
{ "type": "Feature", "properties": { "_uid0_": 1180, "id": 37351, "adm3_psgc": 1606720000.0, "adm4_psgc": 1606720008.0, "barangay": "ROXAS" }, "geometry": { "type": "Point", "coordinates": [ 126.05528440099701, 9.933585898560244 ] } },
{ "type": "Feature", "properties": { "_uid0_": 1181, "id": 37353, "adm3_psgc": 1606720000.0, "adm4_psgc": 1606720010.0, "barangay": "SANTA PAZ" }, "geometry": { "type": "Point", "coordinates": [ 126.06630236395452, 9.899283133061553 ] } },
{ "type": "Feature", "properties": { "_uid0_": 1182, "id": 37323, "adm3_psgc": 1606717000.0, "adm4_psgc": 1606717017.0, "barangay": "SAN ISIDRO" }, "geometry": { "type": "Point", "coordinates": [ 125.549681394046075, 9.64681532711136 ] } },
{ "type": "Feature", "properties": { "_uid0_": 1183, "id": 37324, "adm3_psgc": 1606717000.0, "adm4_psgc": 1606717018.0, "barangay": "SANTA CRUZ" }, "geometry": { "type": "Point", "coordinates": [ 125.550344518287432, 9.634460910200767 ] } },
{ "type": "Feature", "properties": { "_uid0_": 1184, "id": 37338, "adm3_psgc": 1606719000.0, "adm4_psgc": 1606719005.0, "barangay": "HONRADO" }, "geometry": { "type": "Point", "coordinates": [ 125.428702720149829, 9.762125723289948 ] } },
{ "type": "Feature", "properties": { "_uid0_": 1185, "id": 37408, "adm3_psgc": 1606724000.0, "adm4_psgc": 1606724016.0, "barangay": "CANTIASAY" }, "geometry": { "type": "Point", "coordinates": [ 125.603891217366424, 9.860604774568936 ] } },
{ "type": "Feature", "properties": { "_uid0_": 1186, "id": 37363, "adm3_psgc": 1606721000.0, "adm4_psgc": 1606721007.0, "barangay": "MABINI" }, "geometry": { "type": "Point", "coordinates": [ 126.057885956022815, 9.978563115388615 ] } },
{ "type": "Feature", "properties": { "_uid0_": 1187, "id": 37364, "adm3_psgc": 1606721000.0, "adm4_psgc": 1606721008.0, "barangay": "MABUHAY" }, "geometry": { "type": "Point", "coordinates": [ 126.047548919385562, 10.023649465037648 ] } },
{ "type": "Feature", "properties": { "_uid0_": 1188, "id": 37390, "adm3_psgc": 1606723000.0, "adm4_psgc": 1606723011.0, "barangay": "SERING" }, "geometry": { "type": "Point", "coordinates": [ 125.974652487000753, 9.666095762025652 ] } },
{ "type": "Feature", "properties": { "_uid0_": 1189, "id": 37391, "adm3_psgc": 1606723000.0, "adm4_psgc": 1606723012.0, "barangay": "SONGKOY" }, "geometry": { "type": "Point", "coordinates": [ 125.948694122659163, 9.630797086552073 ] } },
{ "type": "Feature", "properties": { "_uid0_": 1190, "id": 37392, "adm3_psgc": 1606723000.0, "adm4_psgc": 1606723013.0, "barangay": "SUDLON" }, "geometry": { "type": "Point", "coordinates": [ 125.937729215136542, 9.606316367303751 ] } },
{ "type": "Feature", "properties": { "_uid0_": 1191, "id": 37393, "adm3_psgc": 1606723000.0, "adm4_psgc": 1606723014.0, "barangay": "ALBINO TARUC" }, "geometry": { "type": "Point", "coordinates": [ 125.956229188707809, 9.591900318718732 ] } },
{ "type": "Feature", "properties": { "_uid0_": 1192, "id": 37454, "adm3_psgc": 1606725000.0, "adm4_psgc": 1606725008.0, "barangay": "LAUREL" }, "geometry": { "type": "Point", "coordinates": [ 125.561550635267508, 9.687269495985491 ] } },
{ "type": "Feature", "properties": { "_uid0_": 1193, "id": 37457, "adm3_psgc": 1606725000.0, "adm4_psgc": 1606725011.0, "barangay": "SAMPAGUITA" }, "geometry": { "type": "Point", "coordinates": [ 125.582234081554134, 9.708321974976906 ] } },
{ "type": "Feature", "properties": { "_uid0_": 1194, "id": 37620, "adm3_psgc": 1606810000.0, "adm4_psgc": 1606810019.0, "barangay": "ZONE III" }, "geometry": { "type": "Point", "coordinates": [ 126.069448989424174, 9.222813489945603 ] } },
{ "type": "Feature", "properties": { "_uid0_": 1195, "id": 37531, "adm3_psgc": 1606804000.0, "adm4_psgc": 1606804009.0, "barangay": "POBLACION" }, "geometry": { "type": "Point", "coordinates": [ 126.303902597079414, 8.912576426532441 ] } },
{ "type": "Feature", "properties": { "_uid0_": 1196, "id": 37532, "adm3_psgc": 1606804000.0, "adm4_psgc": 1606804011.0, "barangay": "UNIDAD" }, "geometry": { "type": "Point", "coordinates": [ 126.298754006589292, 8.879370312972977 ] } },
{ "type": "Feature", "properties": { "_uid0_": 1197, "id": 37713, "adm3_psgc": 1606817000.0, "adm4_psgc": 1606817004.0, "barangay": "LAGO" }, "geometry": { "type": "Point", "coordinates": [ 126.215087868621623, 8.449756034168109 ] } },
{ "type": "Feature", "properties": { "_uid0_": 1198, "id": 37580, "adm3_psgc": 1606808000.0, "adm4_psgc": 1606808008.0, "barangay": "POBLACION" }, "geometry": { "type": "Point", "coordinates": [ 126.178982586006242, 9.272542201922285 ] } },
{ "type": "Feature", "properties": { "_uid0_": 1199, "id": 37798, "adm3_psgc": 1608501000.0, "adm4_psgc": 1608501020.0, "barangay": "DIEGAS" }, "geometry": { "type": "Point", "coordinates": [ 125.608257096429327, 10.087870412616088 ] } },
{ "type": "Feature", "properties": { "_uid0_": 1200, "id": 37595, "adm3_psgc": 1606809000.0, "adm4_psgc": 1606809022.0, "barangay": "POCTO" }, "geometry": { "type": "Point", "coordinates": [ 126.287598902780644, 8.439232929744943 ] } },
{ "type": "Feature", "properties": { "_uid0_": 1201, "id": 37591, "adm3_psgc": 1606809000.0, "adm4_psgc": 1606809012.0, "barangay": "LA CASA" }, "geometry": { "type": "Point", "coordinates": [ 126.327906428844926, 8.363538878445116 ] } },
{ "type": "Feature", "properties": { "_uid0_": 1202, "id": 37592, "adm3_psgc": 1606809000.0, "adm4_psgc": 1606809014.0, "barangay": "LOYOLA" }, "geometry": { "type": "Point", "coordinates": [ 126.312187410391729, 8.320507800357644 ] } },
{ "type": "Feature", "properties": { "_uid0_": 1203, "id": 37607, "adm3_psgc": 1606809000.0, "adm4_psgc": 1606809043.0, "barangay": "ZONE III MAHARLIKA" }, "geometry": { "type": "Point", "coordinates": [ 126.331310234734644, 8.370472901212182 ] } },
{ "type": "Feature", "properties": { "_uid0_": 1204, "id": 37802, "adm3_psgc": 1608501000.0, "adm4_psgc": 1608501024.0, "barangay": "SANTA MONICA" }, "geometry": { "type": "Point", "coordinates": [ 125.577049531805926, 10.091421319977112 ] } },
{ "type": "Feature", "properties": { "_uid0_": 1205, "id": 37803, "adm3_psgc": 1608501000.0, "adm4_psgc": 1608501025.0, "barangay": "SANTO NIÑO" }, "geometry": { "type": "Point", "coordinates": [ 125.608935515252, 10.073823957884946 ] } },
{ "type": "Feature", "properties": { "_uid0_": 1206, "id": 37641, "adm3_psgc": 1606812000.0, "adm4_psgc": 1606812007.0, "barangay": "MANDUS" }, "geometry": { "type": "Point", "coordinates": [ 126.394648823083102, 7.971682690497675 ] } },
{ "type": "Feature", "properties": { "_uid0_": 1207, "id": 37642, "adm3_psgc": 1606812000.0, "adm4_psgc": 1606812008.0, "barangay": "MANSA-ILAO" }, "geometry": { "type": "Point", "coordinates": [ 126.371094814324238, 7.949048180153324 ] } },
{ "type": "Feature", "properties": { "_uid0_": 1208, "id": 37768, "adm3_psgc": 1606819000.0, "adm4_psgc": 1606819011.0, "barangay": "MATICDUM" }, "geometry": { "type": "Point", "coordinates": [ 126.142896400057538, 9.022365490666557 ] } },
{ "type": "Feature", "properties": { "_uid0_": 1209, "id": 37752, "adm3_psgc": 1606818000.0, "adm4_psgc": 1606818018.0, "barangay": "PURISIMA" }, "geometry": { "type": "Point", "coordinates": [ 126.226911580045879, 9.024015927212302 ] } },
{ "type": "Feature", "properties": { "_uid0_": 1210, "id": 37915, "adm3_psgc": 1630400000.0, "adm4_psgc": 1630400048.0, "barangay": "HUMABON POB." }, "geometry": { "type": "Point", "coordinates": [ 125.542890008073698, 8.949765007722728 ] } },
{ "type": "Feature", "properties": { "_uid0_": 1211, "id": 37926, "adm3_psgc": 1630400000.0, "adm4_psgc": 1630400062.0, "barangay": "MAHOGANY POB." }, "geometry": { "type": "Point", "coordinates": [ 125.54833969035127, 8.960888705231973 ] } },
{ "type": "Feature", "properties": { "_uid0_": 1212, "id": 37155, "adm3_psgc": 1606702000.0, "adm4_psgc": 1606702008.0, "barangay": "PUNGTOD" }, "geometry": { "type": "Point", "coordinates": [ 125.627612774155395, 9.533222458423667 ] } },
{ "type": "Feature", "properties": { "_uid0_": 1213, "id": 37157, "adm3_psgc": 1606704000.0, "adm4_psgc": 1606704001.0, "barangay": "BAYBAY" }, "geometry": { "type": "Point", "coordinates": [ 126.07916273457441, 9.977843601490024 ] } },
{ "type": "Feature", "properties": { "_uid0_": 1214, "id": 37623, "adm3_psgc": 1606811000.0, "adm4_psgc": 1606811002.0, "barangay": "BANAHAO" }, "geometry": { "type": "Point", "coordinates": [ 126.084664376994439, 8.653295936537084 ] } },
{ "type": "Feature", "properties": { "_uid0_": 1215, "id": 37749, "adm3_psgc": 1606818000.0, "adm4_psgc": 1606818015.0, "barangay": "LAYOG" }, "geometry": { "type": "Point", "coordinates": [ 126.121607987997592, 8.894919772512502 ] } },
{ "type": "Feature", "properties": { "_uid0_": 1216, "id": 37917, "adm3_psgc": 1630400000.0, "adm4_psgc": 1630400051.0, "barangay": "LAPU-LAPU POB." }, "geometry": { "type": "Point", "coordinates": [ 125.535479778736843, 8.946164082542426 ] } },
{ "type": "Feature", "properties": { "_uid0_": 1217, "id": 37200, "adm3_psgc": 1606707000.0, "adm4_psgc": 1606707024.0, "barangay": "BARANGAY 9" }, "geometry": { "type": "Point", "coordinates": [ 126.050901710138874, 9.756521684288543 ] } },
{ "type": "Feature", "properties": { "_uid0_": 1218, "id": 37202, "adm3_psgc": 1606707000.0, "adm4_psgc": 1606707026.0, "barangay": "SAN MIGUEL" }, "geometry": { "type": "Point", "coordinates": [ 126.028397485702399, 9.720126578932147 ] } },
{ "type": "Feature", "properties": { "_uid0_": 1219, "id": 37235, "adm3_psgc": 1606710000.0, "adm4_psgc": 1606710010.0, "barangay": "POBLACION IV" }, "geometry": { "type": "Point", "coordinates": [ 126.155203644714291, 9.78474404968742 ] } },
{ "type": "Feature", "properties": { "_uid0_": 1220, "id": 37203, "adm3_psgc": 1606707000.0, "adm4_psgc": 1606707027.0, "barangay": "SANTA FE" }, "geometry": { "type": "Point", "coordinates": [ 126.02623123484257, 9.782095287959109 ] } },
{ "type": "Feature", "properties": { "_uid0_": 1221, "id": 37204, "adm3_psgc": 1606707000.0, "adm4_psgc": 1606707028.0, "barangay": "UNION" }, "geometry": { "type": "Point", "coordinates": [ 126.103083775647306, 9.76752890792287 ] } },
{ "type": "Feature", "properties": { "_uid0_": 1222, "id": 37205, "adm3_psgc": 1606707000.0, "adm4_psgc": 1606707029.0, "barangay": "SANTA FELOMINA" }, "geometry": { "type": "Point", "coordinates": [ 126.021243203532961, 9.697821643869919 ] } },
{ "type": "Feature", "properties": { "_uid0_": 1223, "id": 37206, "adm3_psgc": 1606708000.0, "adm4_psgc": 1606708001.0, "barangay": "BAGAKAY" }, "geometry": { "type": "Point", "coordinates": [ 126.011218888547731, 9.894311919025723 ] } },
{ "type": "Feature", "properties": { "_uid0_": 1224, "id": 37207, "adm3_psgc": 1606708000.0, "adm4_psgc": 1606708002.0, "barangay": "ANTIPOLO" }, "geometry": { "type": "Point", "coordinates": [ 126.008522654469559, 9.812546674247711 ] } },
{ "type": "Feature", "properties": { "_uid0_": 1225, "id": 37208, "adm3_psgc": 1606708000.0, "adm4_psgc": 1606708004.0, "barangay": "BITOON" }, "geometry": { "type": "Point", "coordinates": [ 126.014367368693271, 9.792227069851682 ] } },
{ "type": "Feature", "properties": { "_uid0_": 1226, "id": 37209, "adm3_psgc": 1606708000.0, "adm4_psgc": 1606708006.0, "barangay": "CABUGAO" }, "geometry": { "type": "Point", "coordinates": [ 126.011269014640092, 9.802485673328061 ] } },
{ "type": "Feature", "properties": { "_uid0_": 1227, "id": 37210, "adm3_psgc": 1606708000.0, "adm4_psgc": 1606708007.0, "barangay": "CANCOHOY" }, "geometry": { "type": "Point", "coordinates": [ 126.020164418379409, 9.882282222084863 ] } },
{ "type": "Feature", "properties": { "_uid0_": 1228, "id": 37211, "adm3_psgc": 1606708000.0, "adm4_psgc": 1606708008.0, "barangay": "CAUB" }, "geometry": { "type": "Point", "coordinates": [ 125.900110202643702, 9.907067570300155 ] } },
{ "type": "Feature", "properties": { "_uid0_": 1229, "id": 37212, "adm3_psgc": 1606708000.0, "adm4_psgc": 1606708009.0, "barangay": "DEL CARMEN" }, "geometry": { "type": "Point", "coordinates": [ 125.984859182481244, 9.867228406769023 ] } },
{ "type": "Feature", "properties": { "_uid0_": 1230, "id": 37213, "adm3_psgc": 1606708000.0, "adm4_psgc": 1606708010.0, "barangay": "DOMOYOG" }, "geometry": { "type": "Point", "coordinates": [ 125.977992722327627, 9.841208956187783 ] } },
{ "type": "Feature", "properties": { "_uid0_": 1231, "id": 37214, "adm3_psgc": 1606708000.0, "adm4_psgc": 1606708011.0, "barangay": "ESPERANZA" }, "geometry": { "type": "Point", "coordinates": [ 126.013222140694936, 9.862637716222602 ] } },
{ "type": "Feature", "properties": { "_uid0_": 1232, "id": 37215, "adm3_psgc": 1606708000.0, "adm4_psgc": 1606708012.0, "barangay": "JAMOYAON" }, "geometry": { "type": "Point", "coordinates": [ 126.009708707981915, 9.905626425609256 ] } },
{ "type": "Feature", "properties": { "_uid0_": 1233, "id": 37216, "adm3_psgc": 1606708000.0, "adm4_psgc": 1606708013.0, "barangay": "KATIPUNAN" }, "geometry": { "type": "Point", "coordinates": [ 126.022908750359633, 9.870880029224587 ] } },
{ "type": "Feature", "properties": { "_uid0_": 1234, "id": 37953, "adm3_psgc": 1630400000.0, "adm4_psgc": 1630400091.0, "barangay": "OBRERO POB." }, "geometry": { "type": "Point", "coordinates": [ 125.537509498516016, 8.964147012021064 ] } },
{ "type": "Feature", "properties": { "_uid0_": 1235, "id": 37485, "adm3_psgc": 1606801000.0, "adm4_psgc": 1606801019.0, "barangay": "SAN VICENTE" }, "geometry": { "type": "Point", "coordinates": [ 126.097892324818631, 8.530043905495283 ] } },
{ "type": "Feature", "properties": { "_uid0_": 1236, "id": 37112, "adm3_psgc": 1600314000.0, "adm4_psgc": 1600314001.0, "barangay": "AFGA" }, "geometry": { "type": "Point", "coordinates": [ 125.653067055944362, 8.871755155514462 ] } },
{ "type": "Feature", "properties": { "_uid0_": 1237, "id": 37905, "adm3_psgc": 1630400000.0, "adm4_psgc": 1630400033.0, "barangay": "BAAN RIVERSIDE POB." }, "geometry": { "type": "Point", "coordinates": [ 125.548267341063919, 8.95287062511434 ] } },
{ "type": "Feature", "properties": { "_uid0_": 1238, "id": 37305, "adm3_psgc": 1606716000.0, "adm4_psgc": 1606716013.0, "barangay": "DATU" }, "geometry": { "type": "Point", "coordinates": [ 126.067462679018917, 9.857162951693118 ] } },
{ "type": "Feature", "properties": { "_uid0_": 1239, "id": 37929, "adm3_psgc": 1630400000.0, "adm4_psgc": 1630400065.0, "barangay": "MANILA DE BUGABUS" }, "geometry": { "type": "Point", "coordinates": [ 125.506521134240103, 8.81369480948076 ] } },
{ "type": "Feature", "properties": { "_uid0_": 1240, "id": 37930, "adm3_psgc": 1630400000.0, "adm4_psgc": 1630400066.0, "barangay": "MAON POB." }, "geometry": { "type": "Point", "coordinates": [ 125.544100605518381, 8.93303204369218 ] } },
{ "type": "Feature", "properties": { "_uid0_": 1241, "id": 37946, "adm3_psgc": 1630400000.0, "adm4_psgc": 1630400083.0, "barangay": "TAGUIBO" }, "geometry": { "type": "Point", "coordinates": [ 125.624990248642135, 8.974312796354901 ] } },
{ "type": "Feature", "properties": { "_uid0_": 1242, "id": 37118, "adm3_psgc": 1600314000.0, "adm4_psgc": 1600314007.0, "barangay": "KAUSWAGAN" }, "geometry": { "type": "Point", "coordinates": [ 125.67764436856308, 8.808090145315512 ] } },
{ "type": "Feature", "properties": { "_uid0_": 1243, "id": 36918, "adm3_psgc": 1600303000.0, "adm4_psgc": 1600303046.0, "barangay": "SAN JOSE" }, "geometry": { "type": "Point", "coordinates": [ 125.75314246108951, 8.594435291137954 ] } },
{ "type": "Feature", "properties": { "_uid0_": 1244, "id": 37017, "adm3_psgc": 1600308000.0, "adm4_psgc": 1600308024.0, "barangay": "TAGAPUA" }, "geometry": { "type": "Point", "coordinates": [ 125.91288993286058, 8.50783319970852 ] } },
{ "type": "Feature", "properties": { "_uid0_": 1245, "id": 37309, "adm3_psgc": 1606717000.0, "adm4_psgc": 1606717003.0, "barangay": "ANISLAGAN" }, "geometry": { "type": "Point", "coordinates": [ 125.543608994635491, 9.619662722847357 ] } },
{ "type": "Feature", "properties": { "_uid0_": 1246, "id": 36985, "adm3_psgc": 1600306000.0, "adm4_psgc": 1600306035.0, "barangay": "SAN ROQUE" }, "geometry": { "type": "Point", "coordinates": [ 125.80943306153786, 8.547581275666763 ] } },
{ "type": "Feature", "properties": { "_uid0_": 1247, "id": 36980, "adm3_psgc": 1600306000.0, "adm4_psgc": 1600306030.0, "barangay": "SAN VICENTE" }, "geometry": { "type": "Point", "coordinates": [ 125.846322688187016, 8.549042131501782 ] } },
{ "type": "Feature", "properties": { "_uid0_": 1248, "id": 36992, "adm3_psgc": 1600307000.0, "adm4_psgc": 1600307007.0, "barangay": "SANTA CRUZ" }, "geometry": { "type": "Point", "coordinates": [ 126.061558122830931, 8.348484622717937 ] } },
{ "type": "Feature", "properties": { "_uid0_": 1249, "id": 37036, "adm3_psgc": 1600309000.0, "adm4_psgc": 1600309013.0, "barangay": "DON PEDRO" }, "geometry": { "type": "Point", "coordinates": [ 125.738810109394223, 8.542379435907078 ] } },
{ "type": "Feature", "properties": { "_uid0_": 1250, "id": 36887, "adm3_psgc": 1600303000.0, "adm4_psgc": 1600303014.0, "barangay": "MAASIN" }, "geometry": { "type": "Point", "coordinates": [ 125.49270636908021, 8.673595932847071 ] } },
{ "type": "Feature", "properties": { "_uid0_": 1251, "id": 36928, "adm3_psgc": 1600304000.0, "adm4_psgc": 1600304007.0, "barangay": "SAGUNTO" }, "geometry": { "type": "Point", "coordinates": [ 125.781623391001361, 8.255457919448025 ] } },
{ "type": "Feature", "properties": { "_uid0_": 1252, "id": 36929, "adm3_psgc": 1600304000.0, "adm4_psgc": 1600304008.0, "barangay": "VILLA PAZ" }, "geometry": { "type": "Point", "coordinates": [ 125.82466983332472, 8.253128132110675 ] } },
{ "type": "Feature", "properties": { "_uid0_": 1253, "id": 37101, "adm3_psgc": 1600313000.0, "adm4_psgc": 1600313010.0, "barangay": "SAN GABRIEL" }, "geometry": { "type": "Point", "coordinates": [ 125.929591227542673, 8.106487398596538 ] } },
{ "type": "Feature", "properties": { "_uid0_": 1254, "id": 37124, "adm3_psgc": 1600314000.0, "adm4_psgc": 1600314013.0, "barangay": "PADIAY" }, "geometry": { "type": "Point", "coordinates": [ 125.807317797336367, 9.066899710979392 ] } },
{ "type": "Feature", "properties": { "_uid0_": 1255, "id": 37138, "adm3_psgc": 1606701000.0, "adm4_psgc": 1606701003.0, "barangay": "BUDLINGIN" }, "geometry": { "type": "Point", "coordinates": [ 125.613035821473048, 9.483526711754278 ] } },
{ "type": "Feature", "properties": { "_uid0_": 1256, "id": 37153, "adm3_psgc": 1606702000.0, "adm4_psgc": 1606702006.0, "barangay": "PAYAPAG" }, "geometry": { "type": "Point", "coordinates": [ 125.614513987239675, 9.554287312868491 ] } },
{ "type": "Feature", "properties": { "_uid0_": 1257, "id": 37171, "adm3_psgc": 1606706000.0, "adm4_psgc": 1606706009.0, "barangay": "TAYAGA" }, "geometry": { "type": "Point", "coordinates": [ 125.7366703591061, 9.579141944209715 ] } },
{ "type": "Feature", "properties": { "_uid0_": 1258, "id": 37255, "adm3_psgc": 1606711000.0, "adm4_psgc": 1606711011.0, "barangay": "SICO-SICO" }, "geometry": { "type": "Point", "coordinates": [ 125.683029514083984, 9.508765073344358 ] } },
{ "type": "Feature", "properties": { "_uid0_": 1259, "id": 37290, "adm3_psgc": 1606715000.0, "adm4_psgc": 1606715014.0, "barangay": "CANSAYONG" }, "geometry": { "type": "Point", "coordinates": [ 125.435217765156352, 9.583452000547711 ] } },
{ "type": "Feature", "properties": { "_uid0_": 1260, "id": 37405, "adm3_psgc": 1606724000.0, "adm4_psgc": 1606724013.0, "barangay": "CABONGBONGAN" }, "geometry": { "type": "Point", "coordinates": [ 125.55372233368017, 9.71911165083136 ] } },
{ "type": "Feature", "properties": { "_uid0_": 1261, "id": 37406, "adm3_psgc": 1606724000.0, "adm4_psgc": 1606724014.0, "barangay": "CAGNIOG" }, "geometry": { "type": "Point", "coordinates": [ 125.506991647095418, 9.76063367028839 ] } },
{ "type": "Feature", "properties": { "_uid0_": 1262, "id": 37407, "adm3_psgc": 1606724000.0, "adm4_psgc": 1606724015.0, "barangay": "CAGUTSAN" }, "geometry": { "type": "Point", "coordinates": [ 125.642193362559638, 9.775606112454069 ] } },
{ "type": "Feature", "properties": { "_uid0_": 1263, "id": 37387, "adm3_psgc": 1606723000.0, "adm4_psgc": 1606723008.0, "barangay": "SALOG" }, "geometry": { "type": "Point", "coordinates": [ 125.938513700613242, 9.707346087135681 ] } },
{ "type": "Feature", "properties": { "_uid0_": 1264, "id": 37389, "adm3_psgc": 1606723000.0, "adm4_psgc": 1606723010.0, "barangay": "SANTA CRUZ" }, "geometry": { "type": "Point", "coordinates": [ 125.912883014889374, 9.642967360180558 ] } },
{ "type": "Feature", "properties": { "_uid0_": 1265, "id": 37416, "adm3_psgc": 1606724000.0, "adm4_psgc": 1606724024.0, "barangay": "LIPATA" }, "geometry": { "type": "Point", "coordinates": [ 125.452275087377316, 9.806786372796781 ] } },
{ "type": "Feature", "properties": { "_uid0_": 1266, "id": 37877, "adm3_psgc": 1608507000.0, "adm4_psgc": 1608507007.0, "barangay": "SAN ROQUE" }, "geometry": { "type": "Point", "coordinates": [ 125.56495254013474, 10.325362572350803 ] } },
{ "type": "Feature", "properties": { "_uid0_": 1267, "id": 37544, "adm3_psgc": 1606805000.0, "adm4_psgc": 1606805012.0, "barangay": "PAG-ANTAYAN" }, "geometry": { "type": "Point", "coordinates": [ 125.967057995204101, 9.33328054587227 ] } },
{ "type": "Feature", "properties": { "_uid0_": 1268, "id": 37913, "adm3_psgc": 1630400000.0, "adm4_psgc": 1630400045.0, "barangay": "JOSE RIZAL POB." }, "geometry": { "type": "Point", "coordinates": [ 125.53685210071697, 8.939469367115983 ] } },
{ "type": "Feature", "properties": { "_uid0_": 1269, "id": 37587, "adm3_psgc": 1606809000.0, "adm4_psgc": 1606809005.0, "barangay": "CAMBATONG" }, "geometry": { "type": "Point", "coordinates": [ 126.313184090054918, 8.482168416467402 ] } },
{ "type": "Feature", "properties": { "_uid0_": 1270, "id": 37608, "adm3_psgc": 1606809000.0, "adm4_psgc": 1606809044.0, "barangay": "TAGBOBONGA" }, "geometry": { "type": "Point", "coordinates": [ 126.244374042562924, 8.362558579222473 ] } },
{ "type": "Feature", "properties": { "_uid0_": 1271, "id": 37644, "adm3_psgc": 1606812000.0, "adm4_psgc": 1606812010.0, "barangay": "PALO ALTO" }, "geometry": { "type": "Point", "coordinates": [ 126.416399711533018, 7.974656848770638 ] } },
{ "type": "Feature", "properties": { "_uid0_": 1272, "id": 37697, "adm3_psgc": 1606816000.0, "adm4_psgc": 1606816006.0, "barangay": "CARROMATA" }, "geometry": { "type": "Point", "coordinates": [ 125.955593247537337, 8.969362680199559 ] } },
{ "type": "Feature", "properties": { "_uid0_": 1273, "id": 37720, "adm3_psgc": 1606817000.0, "adm4_psgc": 1606817012.0, "barangay": "POBLACION" }, "geometry": { "type": "Point", "coordinates": [ 126.166774442918893, 8.451875428271533 ] } },
{ "type": "Feature", "properties": { "_uid0_": 1274, "id": 37769, "adm3_psgc": 1606819000.0, "adm4_psgc": 1606819012.0, "barangay": "PANDANON" }, "geometry": { "type": "Point", "coordinates": [ 126.138919698712357, 9.058031241626477 ] } },
{ "type": "Feature", "properties": { "_uid0_": 1275, "id": 37763, "adm3_psgc": 1606819000.0, "adm4_psgc": 1606819005.0, "barangay": "BONGTOD POB." }, "geometry": { "type": "Point", "coordinates": [ 126.19622770647328, 9.0839871374249 ] } },
{ "type": "Feature", "properties": { "_uid0_": 1276, "id": 37828, "adm3_psgc": 1608503000.0, "adm4_psgc": 1608503014.0, "barangay": "BAGUMBAYAN" }, "geometry": { "type": "Point", "coordinates": [ 125.628810825511692, 9.950098913372168 ] } },
{ "type": "Feature", "properties": { "_uid0_": 1277, "id": 37829, "adm3_psgc": 1608503000.0, "adm4_psgc": 1608503016.0, "barangay": "NEW MABUHAY" }, "geometry": { "type": "Point", "coordinates": [ 125.612264436944415, 9.953617272255439 ] } },
{ "type": "Feature", "properties": { "_uid0_": 1278, "id": 37830, "adm3_psgc": 1608503000.0, "adm4_psgc": 1608503021.0, "barangay": "WADAS" }, "geometry": { "type": "Point", "coordinates": [ 125.618601359924909, 9.971822277924304 ] } },
{ "type": "Feature", "properties": { "_uid0_": 1279, "id": 37831, "adm3_psgc": 1608503000.0, "adm4_psgc": 1608503022.0, "barangay": "CAYETANO" }, "geometry": { "type": "Point", "coordinates": [ 125.620413698029878, 9.992810921637298 ] } },
{ "type": "Feature", "properties": { "_uid0_": 1280, "id": 37832, "adm3_psgc": 1608503000.0, "adm4_psgc": 1608503023.0, "barangay": "JUSTINIANA EDERA" }, "geometry": { "type": "Point", "coordinates": [ 125.625278996686404, 9.962406093533959 ] } },
{ "type": "Feature", "properties": { "_uid0_": 1281, "id": 37833, "adm3_psgc": 1608504000.0, "adm4_psgc": 1608504001.0, "barangay": "ALBOR" }, "geometry": { "type": "Point", "coordinates": [ 125.524683415974025, 10.191004932024402 ] } },
{ "type": "Feature", "properties": { "_uid0_": 1282, "id": 37834, "adm3_psgc": 1608504000.0, "adm4_psgc": 1608504002.0, "barangay": "ARELLANO" }, "geometry": { "type": "Point", "coordinates": [ 125.5202042449652, 10.140054930101194 ] } },
{ "type": "Feature", "properties": { "_uid0_": 1283, "id": 37835, "adm3_psgc": 1608504000.0, "adm4_psgc": 1608504003.0, "barangay": "BAYANIHAN" }, "geometry": { "type": "Point", "coordinates": [ 125.62099533419898, 10.189351307599154 ] } },
{ "type": "Feature", "properties": { "_uid0_": 1284, "id": 37766, "adm3_psgc": 1606819000.0, "adm4_psgc": 1606819009.0, "barangay": "MABUHAY" }, "geometry": { "type": "Point", "coordinates": [ 126.097432075005187, 9.037431575409022 ] } },
{ "type": "Feature", "properties": { "_uid0_": 1285, "id": 37895, "adm3_psgc": 1630400000.0, "adm4_psgc": 1630400020.0, "barangay": "BAYANIHAN POB." }, "geometry": { "type": "Point", "coordinates": [ 125.523648658839278, 8.943356377679802 ] } },
{ "type": "Feature", "properties": { "_uid0_": 1286, "id": 37943, "adm3_psgc": 1630400000.0, "adm4_psgc": 1630400079.0, "barangay": "SILONGAN POB." }, "geometry": { "type": "Point", "coordinates": [ 125.545312818512585, 8.946664050312235 ] } },
{ "type": "Feature", "properties": { "_uid0_": 1287, "id": 36854, "adm3_psgc": 1600301000.0, "adm4_psgc": 1600301040.0, "barangay": "MT. CARMEL" }, "geometry": { "type": "Point", "coordinates": [ 125.859085863863356, 8.82034140462769 ] } },
{ "type": "Feature", "properties": { "_uid0_": 1288, "id": 37108, "adm3_psgc": 1600313000.0, "adm4_psgc": 1600313017.0, "barangay": "KATIPUNAN" }, "geometry": { "type": "Point", "coordinates": [ 125.857349057650509, 7.982057369408415 ] } },
{ "type": "Feature", "properties": { "_uid0_": 1289, "id": 37479, "adm3_psgc": 1606801000.0, "adm4_psgc": 1606801010.0, "barangay": "JAVIER" }, "geometry": { "type": "Point", "coordinates": [ 126.075275024473981, 8.472345829778847 ] } },
{ "type": "Feature", "properties": { "_uid0_": 1290, "id": 37487, "adm3_psgc": 1606801000.0, "adm4_psgc": 1606801021.0, "barangay": "SUDLON" }, "geometry": { "type": "Point", "coordinates": [ 126.081301061884147, 8.554574727245994 ] } },
{ "type": "Feature", "properties": { "_uid0_": 1291, "id": 36855, "adm3_psgc": 1600301000.0, "adm4_psgc": 1600301041.0, "barangay": "MT. OLIVE" }, "geometry": { "type": "Point", "coordinates": [ 125.824102479198601, 8.753424440093687 ] } },
{ "type": "Feature", "properties": { "_uid0_": 1292, "id": 37219, "adm3_psgc": 1606708000.0, "adm4_psgc": 1606708017.0, "barangay": "MAHAYAHAY" }, "geometry": { "type": "Point", "coordinates": [ 126.043163555489514, 9.850979691160447 ] } },
{ "type": "Feature", "properties": { "_uid0_": 1293, "id": 37249, "adm3_psgc": 1606711000.0, "adm4_psgc": 1606711005.0, "barangay": "IPIL" }, "geometry": { "type": "Point", "coordinates": [ 125.706150876945699, 9.595383617406306 ] } },
{ "type": "Feature", "properties": { "_uid0_": 1294, "id": 37250, "adm3_psgc": 1606711000.0, "adm4_psgc": 1606711006.0, "barangay": "LAHI" }, "geometry": { "type": "Point", "coordinates": [ 125.680575486573389, 9.544348543801787 ] } },
{ "type": "Feature", "properties": { "_uid0_": 1295, "id": 37117, "adm3_psgc": 1600314000.0, "adm4_psgc": 1600314006.0, "barangay": "ILIHAN" }, "geometry": { "type": "Point", "coordinates": [ 125.679880281023074, 8.778478807529956 ] } },
{ "type": "Feature", "properties": { "_uid0_": 1296, "id": 37067, "adm3_psgc": 1600311000.0, "adm4_psgc": 1600311009.0, "barangay": "SAN AGUSTIN" }, "geometry": { "type": "Point", "coordinates": [ 125.774532881403019, 8.442077829873533 ] } },
{ "type": "Feature", "properties": { "_uid0_": 1297, "id": 37068, "adm3_psgc": 1600311000.0, "adm4_psgc": 1600311010.0, "barangay": "SAN ISIDRO" }, "geometry": { "type": "Point", "coordinates": [ 125.78413253386482, 8.455033669231625 ] } },
{ "type": "Feature", "properties": { "_uid0_": 1298, "id": 37069, "adm3_psgc": 1600311000.0, "adm4_psgc": 1600311011.0, "barangay": "SAN NICOLAS" }, "geometry": { "type": "Point", "coordinates": [ 125.772391183236039, 8.459488166314719 ] } },
{ "type": "Feature", "properties": { "_uid0_": 1299, "id": 37109, "adm3_psgc": 1600313000.0, "adm4_psgc": 1600313018.0, "barangay": "SANTA CRUZ" }, "geometry": { "type": "Point", "coordinates": [ 125.837083365428512, 7.991586997899058 ] } },
{ "type": "Feature", "properties": { "_uid0_": 1300, "id": 36889, "adm3_psgc": 1600303000.0, "adm4_psgc": 1600303016.0, "barangay": "MILAGROS" }, "geometry": { "type": "Point", "coordinates": [ 125.558476313729713, 8.608840570488811 ] } },
{ "type": "Feature", "properties": { "_uid0_": 1301, "id": 37070, "adm3_psgc": 1600311000.0, "adm4_psgc": 1600311012.0, "barangay": "ZAMORA" }, "geometry": { "type": "Point", "coordinates": [ 125.79528963097404, 8.468633840437693 ] } },
{ "type": "Feature", "properties": { "_uid0_": 1302, "id": 36909, "adm3_psgc": 1600303000.0, "adm4_psgc": 1600303037.0, "barangay": "GUIBONON" }, "geometry": { "type": "Point", "coordinates": [ 125.27113416422074, 8.602253326515163 ] } },
{ "type": "Feature", "properties": { "_uid0_": 1303, "id": 37074, "adm3_psgc": 1600311000.0, "adm4_psgc": 1600311016.0, "barangay": "MARBON" }, "geometry": { "type": "Point", "coordinates": [ 125.782870209019251, 8.379461560499209 ] } },
{ "type": "Feature", "properties": { "_uid0_": 1304, "id": 36949, "adm3_psgc": 1600305000.0, "adm4_psgc": 1600305013.0, "barangay": "KASAPA" }, "geometry": { "type": "Point", "coordinates": [ 125.573026903404326, 8.102797519547902 ] } },
{ "type": "Feature", "properties": { "_uid0_": 1305, "id": 37597, "adm3_psgc": 1606809000.0, "adm4_psgc": 1606809025.0, "barangay": "ROXAS" }, "geometry": { "type": "Point", "coordinates": [ 126.263293861745439, 8.414227672894105 ] } },
{ "type": "Feature", "properties": { "_uid0_": 1306, "id": 36956, "adm3_psgc": 1600306000.0, "adm4_psgc": 1600306003.0, "barangay": "AZPETIA" }, "geometry": { "type": "Point", "coordinates": [ 125.949223214935145, 8.618963382359812 ] } },
{ "type": "Feature", "properties": { "_uid0_": 1307, "id": 37673, "adm3_psgc": 1606814000.0, "adm4_psgc": 1606814007.0, "barangay": "MARARAG" }, "geometry": { "type": "Point", "coordinates": [ 126.290102691236115, 8.837433985236474 ] } },
{ "type": "Feature", "properties": { "_uid0_": 1308, "id": 36957, "adm3_psgc": 1600306000.0, "adm4_psgc": 1600306004.0, "barangay": "POBLACION" }, "geometry": { "type": "Point", "coordinates": [ 125.908331033076905, 8.610158673991563 ] } },
{ "type": "Feature", "properties": { "_uid0_": 1309, "id": 37052, "adm3_psgc": 1600310000.0, "adm4_psgc": 1600310004.0, "barangay": "TAPAZ" }, "geometry": { "type": "Point", "coordinates": [ 125.996324312882095, 8.03573585854646 ] } }
]
}
